celebrity_name,celebrity_instagram_followers,celebrity_twitter_followers,celebrity_tiktok_followers,celebrity_youtube_subscribers,celebrity_total_followers_wikidata,partner_instagram_followers,partner_twitter_followers,partner_tiktok_followers,partner_youtube_subscribers,partner_total_followers_wikidata,celebrity_instagram_followers_log,celebrity_twitter_followers_log,celebrity_tiktok_followers_log,celebrity_youtube_subscribers_log,celebrity_total_followers_wikidata_log,partner_instagram_followers_log,partner_twitter_followers_log,partner_tiktok_followers_log,partner_youtube_subscribers_log,partner_total_followers_wikidata_log
John O'Hurley,,22469.0,,,22469.0,,,,,,,10.019936365179374,,,10.019936365179374,,,,,
Kelly Monaco,,214057.0,,,214057.0,,,,,,,12.274002285319908,,,12.274002285319908,,,,,
Evander Holyfield,,298359.0,,,298359.0,,,,,,,12.6060560900691,,,12.6060560900691,,,,,
Rachel Hunter,,20219.0,,,20219.0,,,,,,,9.914427492574463,,,9.914427492574463,,,,,
Joey McIntyre,,321828.0,,38400.0,360228.0,,3018.0,,,3018.0,,12.681775627565797,,10.555838779903407,12.794495219310487,,8.012680929706839,,,8.012680929706839
Trista Sutter,,124677.0,,,124677.0,,67867.0,,,67867.0,,11.733489692687487,,,11.733489692687487,,11.12531992116283,,,11.12531992116283
Tatum O'Neal,,,,,,,,,,,,,,,,,,,,
Tia Carrere,,37994.0,,,37994.0,,,,,,,10.545209851103886,,,10.545209851103886,,,,,
George Hamilton,,,,,,,,,,,,,,,,,,,,
Lisa Rinna,,654728.0,,,654728.0,,67867.0,,,67867.0,,13.391976688545174,,,13.391976688545174,,11.12531992116283,,,11.12531992116283
Stacy Keibler,,382482.0,,,382482.0,,,,,,,12.854439486816599,,,12.854439486816599,,,,,
Jerry Rice,,695228.0,,,695228.0,,,,,,,13.451996566677789,,,13.451996566677789,,,,,
Giselle Fernandez,,,,,,,,,,,,,,,,,,,,
Master P,,199764.0,,,199764.0,,3018.0,,,3018.0,,12.204896954676451,,,12.204896954676451,,8.012680929706839,,,8.012680929706839
Drew Lachey,,,,,,,380112.0,,,380112.0,,,,,,,12.848223855918395,,,12.848223855918395
Kenny Mayne,,,,,,,,,,,,,,,,,,,,
Harry Hamlin,,,,,,,3018.0,,,3018.0,,,,,,,8.012680929706839,,,8.012680929706839
Vivica A. Fox,,659698.0,,,659698.0,,,,,,,13.39953894936928,,,13.39953894936928,,,,,
Monique Coleman,,422803.0,,,422803.0,,67867.0,,,67867.0,,12.954663993671405,,,12.954663993671405,,11.12531992116283,,,11.12531992116283
Joey Lawrence,,,,,,,,,,,,,,,,,,,,
Mario Lopez,,1332162.0,,,1332162.0,,242304.0,,,242304.0,,14.102314494967956,,,14.102314494967956,,12.39795254216744,,,12.39795254216744
Emmitt Smith,,783072.0,,,783072.0,,380112.0,,,380112.0,,13.570981201789381,,,13.570981201789381,,12.848223855918395,,,12.848223855918395
Shanna Moakler,,135346.0,,,135346.0,,,,,,,11.815597130038771,,,11.815597130038771,,,,,
Willa Ford,,15749.0,,8350.0,24099.0,,,,,,,9.66459564425378,,9.03013657115323,10.089967119478747,,,,,
Sara Evans,,,,,,,,,,,,,,,,,,,,
Jerry Springer,,89881.0,,,89881.0,,,,,,,11.406252977943106,,,11.406252977943106,,,,,
Tucker Carlson,,5567122.0,,2180000.0,7747122.0,,,,,,,15.532388961406925,,14.594835893480763,15.86283210660172,,,,,
John Ratzenberger,,,,,,,,,,,,,,,,,,,,
Ian Ziering,,98661.0,,,98661.0,,380112.0,,,380112.0,,11.499455146222237,,,11.499455146222237,,12.848223855918395,,,12.848223855918395
Clyde Drexler,,,,,,,,,,,,,,,,,,,,
Laila Ali,,136010.0,,,136010.0,,,,,,,11.82049104380033,,,11.82049104380033,,,,,
Apolo Anton Ohno,,256307.0,,,256307.0,,1102937.0,,77400.0,1180337.0,,12.454135125286806,,,12.454135125286806,,13.913488086320331,,11.256754979390998,13.981311396103514
Shandi Finnessey,,11774.0,,,11774.0,,,,,,,9.373733918884618,,,9.373733918884618,,,,,
Paulina Porizkova,,113299.0,,,113299.0,,,,,,,11.637794447016098,,,11.637794447016098,,,,,
Heather Mills,,,,,,,,,,,,,,,,,,,,
Billy Ray Cyrus,,1567767.0,,,1567767.0,,242304.0,,,242304.0,,14.265163509761777,,,14.265163509761777,,12.39795254216744,,,12.39795254216744
Joey Fatone,,197993.0,,,197993.0,,,,,,,12.195992006187224,,,12.195992006187224,,,,,
Leeza Gibbons,,,,,,,,,,,,,,,,,,,,
Cameron Mathison,,,,,,,,,,,,,,,,,,,,
Jane Seymour,,,,,,,,,,,,,,,,,,,,
Sabrina Bryan,,64454.0,,,64454.0,,,,,,,11.073722584877205,,,11.073722584877205,,,,,
Jennie Garth,,287138.0,,,287138.0,,768913.0,,114000.0,882913.0,,12.567721698053903,,,12.567721698053903,,13.552734408683879,,11.643962499267984,13.690983079599384
Floyd Mayweather Jr. ,,,,,,,242304.0,,,242304.0,,,,,,,12.39795254216744,,,12.39795254216744
Josie Maran,,40621.0,,,40621.0,,,,,,,10.61206507075143,,,10.61206507075143,,,,,
Albert Reed,,,,,,,,,,,,,,,,,,,,
Helio Castroneves,,171899.0,,,171899.0,,1102937.0,,77400.0,1180337.0,,12.05466819137094,,,12.05466819137094,,13.913488086320331,,11.256754979390998,13.981311396103514
Mel B,,,,,,,,,,,,,,,,,,,,
Wayne Newton,,,,,,,380112.0,,,380112.0,,,,,,,12.848223855918395,,,12.848223855918395
Marie Osmond,,240551.0,,,240551.0,,,,,,,12.390691561372812,,,12.390691561372812,,,,,
Mark Cuban,,8891912.0,,,8891912.0,,,,,,,16.000652769942786,,,16.000652769942786,,,,,
Cristian de la Fuente,,639108.0,,,639108.0,,380112.0,,,380112.0,,13.367830297842458,,,13.367830297842458,,12.848223855918395,,,12.848223855918395
Steve Guttenberg,,31498.0,,,31498.0,,,,,,,10.357711078278063,,,10.357711078278063,,,,,
Priscilla Presley,,,,,,,67867.0,,,67867.0,,,,,,,11.12531992116283,,,11.12531992116283
Marlee Matlin,,410307.0,,,410307.0,,,,,,,12.92466337616854,,,12.92466337616854,,,,,
Shannon Elizabeth,,563212.0,,,563212.0,,768913.0,,114000.0,882913.0,,13.24141316594594,,,13.24141316594594,,13.552734408683879,,11.643962499267984,13.690983079599384
Marissa Jaret Winokur,,71770.0,,,71770.0,,,,,,,11.181235773725405,,,11.181235773725405,,,,,
Jason Taylor,,,,,,,,,,,,,,,,,,,,
Kristi Yamaguchi,,59350.0,,,59350.0,,,,,,,10.99122424909553,,,10.99122424909553,,,,,
Monica Seles,,33927.0,,,33927.0,,,,,,,10.431995911154427,,,10.431995911154427,,,,,
Penn Jillette,,1695520.0,,,1695520.0,,,,,,,14.343500626198052,,,14.343500626198052,,,,,
Adam Carolla,,779874.0,,,779874.0,,1102937.0,,77400.0,1180337.0,,13.566888929413087,,,13.566888929413087,,13.913488086320331,,11.256754979390998,13.981311396103514
Mario,,,,,,,242304.0,,,242304.0,,,,,,,12.39795254216744,,,12.39795254216744
Ted McGinley,,,,,,,,,,,,,,,,,,,,
Cloris Leachman,,72620.0,,,72620.0,,,,,,,11.193009415184726,,,11.193009415184726,,,,,
Susan Lucci,,65422.0,,,65422.0,,,,,,,11.088629157576872,,,11.088629157576872,,,,,
Cody Linley,,125810.0,,,125810.0,,1102937.0,,77400.0,1180337.0,,11.742536059807348,,,11.742536059807348,,13.913488086320331,,11.256754979390998,13.981311396103514
Misty May-Treanor,,149046.0,,,149046.0,,,,,,,11.912016971429654,,,11.912016971429654,,,,,
Maurice Greene,,,,,,,380112.0,,,380112.0,,,,,,,12.848223855918395,,,12.848223855918395
Warren Sapp,,1028202.0,,,1028202.0,,,,,,,13.843323176319572,,,13.843323176319572,,,,,
Jeffrey Ross,,,,,,,,,,,,,,,,,,,,
Toni Braxton,,1857960.0,,2710000.0,4567960.0,,,,,,,14.434990207823457,,14.812459561859505,15.334577492628297,,,,,
Lance Bass,,422040.0,,,422040.0,,137186.0,,,137186.0,,12.952857744696876,,,12.952857744696876,,11.82910023759806,,,11.82910023759806
Kim Kardashian,,73962090.0,,2000000.0,75962090.0,,,,,,,18.119063236122493,,14.508658238524095,18.14574497117561,,,,,
Rocco DiSpirito,,,,,,,242304.0,,,242304.0,,,,,,,12.39795254216744,,,12.39795254216744
Brooke Burke,,2789829.0,,,2789829.0,,768913.0,,114000.0,882913.0,,14.841491220041483,,,14.841491220041483,,13.552734408683879,,11.643962499267984,13.690983079599384
Gilles Marini,,,,,,,380112.0,,,380112.0,,,,,,,12.848223855918395,,,12.848223855918395
Denise Richards,,2131867.0,,,2131867.0,,,,,,,14.57250914865508,,,14.57250914865508,,,,,
David Alan Grier,,176765.0,,,176765.0,,,,,,,12.082582102999877,,,12.082582102999877,,,,,
Lawrence Taylor,,,,,,,,,,,,,,,,,,,,
Ty Murray,,,,,,,126882.0,,,126882.0,,,,,,,11.751020680977549,,,11.751020680977549
Shawn Johnson,,,,,,,,,,,,,,,,,,,,
Steve Wozniak,,665791.0,,,665791.0,,242304.0,,,242304.0,,13.408732588430567,,,13.408732588430567,,12.39795254216744,,,12.39795254216744
Belinda Carlisle,,70656.0,,339000.0,409656.0,,,,,,,11.165592463176269,,12.733758336210744,12.923075503181808,,,,,
Chuck Wicks,,,,,,,1102937.0,,77400.0,1180337.0,,,,,,,13.913488086320331,,11.256754979390998,13.981311396103514
Lil' Kim,,2369686.0,,,2369686.0,,768913.0,,114000.0,882913.0,,14.678268436879083,,,14.678268436879083,,13.552734408683879,,11.643962499267984,13.690983079599384
Steve-O,,1296336.0,,7030000.0,8326336.0,,137186.0,,,137186.0,,14.07505315295639,,15.765697406034349,15.934934181536486,,11.82910023759806,,,11.82910023759806
Holly Madison,,1145346.0,,133000.0,1278346.0,,22890.0,,,22890.0,,13.95121820582661,,11.798111925972618,14.061078395062147,,10.038499099192006,,,10.038499099192006
Melissa Rycroft,,,,,,,,,,,,,,,,,,,,
Ashley Hamiliton,,,,,,,,,,,,,,,,,,,,
Debi Mazar,,,,,,,,,,,,,,,,,,,,
Melissa Joan Hart,,636544.0,,,636544.0,,,,,,,13.363810393616431,,,13.363810393616431,,,,,
Mark Dacascos,,,,,,,137186.0,,,137186.0,,,,,,,11.82910023759806,,,11.82910023759806
Chuck Liddell,,812652.0,,,812652.0,,,,,,,13.608059483150669,,,13.608059483150669,,,,,
Natalie Coughlin,,108290.0,,,108290.0,,,,,,,11.592577327042804,,,11.592577327042804,,,,,
Louie Vito,,,,,,,126882.0,,,126882.0,,,,,,,11.751020680977549,,,11.751020680977549
Michael Irvin,,732161.0,,,732161.0,,,,,,,13.503757079933086,,,13.503757079933086,,,,,
Joanna Krupa,,804085.0,,,804085.0,,768913.0,,114000.0,882913.0,,13.597461507614867,,,13.597461507614867,,13.552734408683879,,11.643962499267984,13.690983079599384
Kathy Ireland,,260300.0,,,260300.0,,,,,,,12.469593932696368,,,12.469593932696368,,,,,
Tom DeLay,,,,,,,380112.0,,,380112.0,,,,,,,12.848223855918395,,,12.848223855918395
Macy Gray,,94258.0,,215000.0,309258.0,,,,,,,11.453801591467489,,12.278397958261774,12.641934392499005,,,,,
Aaron Carter,,,,,,,242304.0,,,242304.0,,,,,,,12.39795254216744,,,12.39795254216744
Mya,,,,,,,22890.0,,,22890.0,,,,,,,10.038499099192006,,,10.038499099192006
Donny Osmond,,210377.0,,,210377.0,,,,,,,12.256661191640985,,,12.256661191640985,,,,,
Kelly Osbourne,,3338746.0,,,3338746.0,,67867.0,,,67867.0,,15.021106144866032,,,15.021106144866032,,11.12531992116283,,,11.12531992116283
Aiden Turner,,16929.0,,,16929.0,,,,,,,9.736842475127181,,,9.736842475127181,,,,,
Shannen Doherty,,590505.0,,,590505.0,,,,,,,13.288735075448542,,,13.288735075448542,,,,,
Niecy Nash,,452178.0,,,452178.0,,67867.0,,,67867.0,,13.02183339811917,,,13.02183339811917,,11.12531992116283,,,11.12531992116283
Buzz Aldrin,,1579061.0,,,1579061.0,,3018.0,,,3018.0,,14.272341557824737,,,14.272341557824737,,8.012680929706839,,,8.012680929706839
Chad Ochocinco,,3281989.0,,,3281989.0,,380112.0,,,380112.0,,15.003960503704922,,,15.003960503704922,,12.848223855918395,,,12.848223855918395
Evan Lysacek,,50294.0,,,50294.0,,,,,,,10.825660947568439,,,10.825660947568439,,,,,
Pamela Anderson,,1087742.0,,,1087742.0,,7648.0,,,7648.0,,13.899615465259991,,,13.899615465259991,,8.942330199321866,,,8.942330199321866
Nicole Scherzinger,,4993165.0,,1070000.0,6063165.0,,768913.0,,114000.0,882913.0,,15.423580735475255,,13.883170141017091,15.617742663864286,,13.552734408683879,,11.643962499267984,13.690983079599384
Erin Andrews,,2660374.0,,,2660374.0,,,,,,,14.793977648265106,,,14.793977648265106,,,,,
Kate Gosselin,,210681.0,,,210681.0,,,,,,,12.258105166622325,,,12.258105166622325,,,,,
Jake Pavelka,,,,,,,126882.0,,,126882.0,,,,,,,11.751020680977549,,,11.751020680977549
David Hasselhoff,,455201.0,,142000.0,597201.0,,,,,,,13.028496555457716,,11.863589378812122,13.300010693603387,,,,,
Florence Henderson,,,,,,,,,,,,,,,,,,,,
Kyle Massey,,135900.0,,,135900.0,,137186.0,,,137186.0,,11.819681958463892,,,11.819681958463892,,11.82910023759806,,,11.82910023759806
Jennifer Grey,,105907.0,,,105907.0,,768913.0,,114000.0,882913.0,,11.570326071701333,,,11.570326071701333,,13.552734408683879,,11.643962499267984,13.690983079599384
Rick Fox,,,,,,,380112.0,,,380112.0,,,,,,,12.848223855918395,,,12.848223855918395
Kurt Warner,,630120.0,,,630120.0,,,,,,,13.353667143417947,,,13.353667143417947,,,,,
Margaret Cho,337000.0,402271.0,,,739271.0,,67867.0,,,67867.0,12.727841176689147,12.904883755714557,,,13.513421197163689,,11.12531992116283,,,11.12531992116283
Michael Bolton,,,,,,,126882.0,,,126882.0,,,,,,,11.751020680977549,,,11.751020680977549
Brandy,,,,,,,,,,,,,,,,,,,,
The Situation,,,,,,,242304.0,,,242304.0,,,,,,,12.39795254216744,,,12.39795254216744
Audrina Patridge,,1924649.0,,,1924649.0,,,,,,,14.470254690991274,,,14.470254690991274,,,,,
Bristol Palin,,,,,,,,,,,,,,,,,,,,
Ralph Macchio,,358610.0,,,358610.0,,242304.0,,,242304.0,,12.789993514529332,,,12.789993514529332,,12.39795254216744,,,12.39795254216744
Chelsea Kane,,,,,,,,,,,,,,,,,,,,
Kirstie Alley,,1577810.0,,,1577810.0,,,,,,,14.271549001351616,,,14.271549001351616,,,,,
Hines Ward,,491220.0,,,491220.0,,,,,,,13.104649407344207,,,13.104649407344207,,,,,
Sugar Ray Leonard,,270712.0,,,270712.0,,,,,,,12.508814498091702,,,12.508814498091702,,,,,
Chris Jericho,,3616426.0,,232000.0,3848426.0,,380112.0,,,380112.0,,15.100997079805754,,12.354496960983985,15.163175051347348,,12.848223855918395,,,12.848223855918395
Petra Nemcova,,44631.0,,,44631.0,,22890.0,,,22890.0,,10.706206369525365,,,10.706206369525365,,10.038499099192006,,,10.038499099192006
Mike Catherwood,,42592.0,,,42592.0,,137186.0,,,137186.0,,10.659445199506749,,,10.659445199506749,,11.82910023759806,,,11.82910023759806
Romeo,,,,,,,126882.0,,,126882.0,,,,,,,11.751020680977549,,,11.751020680977549
Wendy Williams,,,,,,,,,,,,,,,,,,,,
Kendra Wilkinson,,2211440.0,,,2211440.0,,67867.0,,,67867.0,,14.609154897209788,,,14.609154897209788,,11.12531992116283,,,11.12531992116283
Elisabetta Canalis,,1463328.0,,,1463328.0,,299226.0,,,299226.0,,14.196224535103234,,,14.196224535103234,,12.608957761652729,,,12.608957761652729
David Arquette,,80515.0,,,80515.0,,,,,,,11.296211201420922,,,11.296211201420922,,,,,
Ricki Lake,,236899.0,,,236899.0,,768913.0,,114000.0,882913.0,,12.375393390146877,,,12.375393390146877,,13.552734408683879,,11.643962499267984,13.690983079599384
J.R. Martinez,,49111.0,,,49111.0,,242304.0,,,242304.0,,10.801858683107332,,,10.801858683107332,,12.39795254216744,,,12.39795254216744
Metta World Peace (Ron),,,,,,,213109.0,,,213109.0,,,,,,,12.269563743311371,,,12.269563743311371
Hope Solo,,1069360.0,,,1069360.0,,,,,,,13.882571831783691,,,13.882571831783691,,,,,
Chynna Phillips,,,,,,,,,,,,,,,,,,,,
Kristin Cavallari,,1014942.0,,,1014942.0,,,,,,,13.830343011245658,,,13.830343011245658,,,,,
Carson Kressley,,,,,,,,,,,,,,,,,,,,
Chaz Bono,,150383.0,,,150383.0,,137186.0,,,137186.0,,11.920947301860082,,,11.920947301860082,,11.82910023759806,,,11.82910023759806
Nancy Grace,,,,,,,,,,,,,,,,,,,,
Rob Kardashian,,7177195.0,,,7177195.0,,380112.0,,,380112.0,,15.78641933550009,,,15.78641933550009,,12.848223855918395,,,12.848223855918395
William Levy,,2962166.0,,,2962166.0,,380112.0,,,380112.0,,14.90143165304431,,,14.90143165304431,,12.848223855918395,,,12.848223855918395
Jack Wagner,,,,,,,,,,,,,,,,,,,,
Sherri Sheperd,,,,,,,299226.0,,,299226.0,,,,,,,12.608957761652729,,,12.608957761652729
Jaleel White,,116699.0,,,116699.0,,,,,,,11.667361818274648,,,11.667361818274648,,,,,
Roshon Fegan,,337741.0,,,337741.0,,126882.0,,,126882.0,,12.730037569383523,,,12.730037569383523,,11.751020680977549,,,11.751020680977549
Melissa Gilbert,,168539.0,,,168539.0,,,,,,,12.034928389326344,,,12.034928389326344,,,,,
Martina Navratilova,,447000.0,,,447000.0,,,,,,,13.010316110729669,,,13.010316110729669,,,,,
Donald Driver,,,,,,,213109.0,,,213109.0,,,,,,,12.269563743311371,,,12.269563743311371
Gavin DeGraw,,356179.0,,352000.0,708179.0,,242304.0,,,242304.0,,12.783191500029996,,12.77138929548529,13.47045357765117,,12.39795254216744,,,12.39795254216744
Gladys Knight,,434074.0,,,434074.0,,,,,,,12.980972609212339,,,12.980972609212339,,,,,
Katherine Jenkins,,263558.0,,91700.0,355258.0,,,,,,,12.482032530818099,,11.426288563310505,12.78060237991008,,,,,
Maria Menounos,,617139.0,,,617139.0,,768913.0,,114000.0,882913.0,,13.332851181524633,,,13.332851181524633,,13.552734408683879,,11.643962499267984,13.690983079599384
Gilles Marini,,,,,,,213109.0,,,213109.0,,,,,,,12.269563743311371,,,12.269563743311371
Sabrina Bryan,,64454.0,,,64454.0,,67867.0,,,67867.0,,11.073722584877205,,,11.073722584877205,,11.12531992116283,,,11.12531992116283
Kirstie Alley,,1577810.0,,,1577810.0,,,,,,,14.271549001351616,,,14.271549001351616,,,,,
Kelly Monaco,,214057.0,,,214057.0,,299226.0,,,299226.0,,12.274002285319908,,,12.274002285319908,,12.608957761652729,,,12.608957761652729
Apolo Anton Ohno,,256307.0,,,256307.0,,242304.0,,,242304.0,,12.454135125286806,,,12.454135125286806,,12.39795254216744,,,12.39795254216744
Emmitt Smith,,783072.0,,,783072.0,,380112.0,,,380112.0,,13.570981201789381,,,13.570981201789381,,12.848223855918395,,,12.848223855918395
Shawn Johnson,,,,,,,768913.0,,114000.0,882913.0,,,,,,,13.552734408683879,,11.643962499267984,13.690983079599384
Pamela Anderson,,1087742.0,,,1087742.0,,,,,,,13.899615465259991,,,13.899615465259991,,,,,
Helio Castroneves,,171899.0,,,171899.0,,126882.0,,,126882.0,,12.05466819137094,,,12.05466819137094,,11.751020680977549,,,11.751020680977549
Joey Fatone,,197993.0,,,197993.0,,,,,,,12.195992006187224,,,12.195992006187224,,,,,
Drew Lachey,,,,,,,,,,,,,,,,,,,,
Bristol Palin,,,,,,,,,,,,,,,,,,,,
Melissa Rycroft,,,,,,,,,,,,,,,,,,,,
Ingo Rademacher,,,,,,,,,,,,,,,,,,,,
Zendaya,120000000.0,21152565.0,,4110000.0,145262565.0,,299226.0,,,299226.0,18.603002309079653,16.867271779974484,,15.22893382978139,18.794053462863047,,12.608957761652729,,,12.608957761652729
Dorothy Hamill,,,,,,,,,,,,,,,,,,,,
Victor Ortiz,,112716.0,,,112716.0,,117473.0,,,117473.0,,11.632635531598089,,,11.632635531598089,,11.673972311485327,,,11.673972311485327
Alexandra Raisman,,1021915.0,,,1021915.0,,,,,,,13.837189854587036,,,13.837189854587036,,,,,
Jacoby Jones,,,,,,,242304.0,,,242304.0,,,,,,,12.39795254216744,,,12.39795254216744
D. L. Hughley,,761394.0,,,761394.0,,380112.0,,,380112.0,,13.542907556058434,,,13.542907556058434,,12.848223855918395,,,12.848223855918395
Andy Dick,,131313.0,,,131313.0,,148813.0,,13500.0,162313.0,,11.785346680653955,,,11.785346680653955,,11.910452482976822,,9.510519035757246,11.997288009794824
Wynonna Judd,,128062.0,,,128062.0,,,,,,,11.760277609317216,,,11.760277609317216,,,,,
Kellie Pickler,,1142007.0,,187000.0,1329007.0,,768913.0,,114000.0,882913.0,,13.948298674427496,,12.138869243416009,14.099943357240846,,13.552734408683879,,11.643962499267984,13.690983079599384
Lisa Vanderpump,,1800000.0,,,1800000.0,,64840.0,,,64840.0,,14.403297778421795,,,14.403297778421795,,11.07969339830934,,,11.07969339830934
Sean Lowe,,878358.0,,,878358.0,,213109.0,,,213109.0,,13.68581067287392,,,13.68581067287392,,12.269563743311371,,,12.269563743311371
Valerie Harper,,,,,,,,,,,,,,,,,,,,
Brant Daugherty,,337046.0,,,337046.0,,213109.0,,,213109.0,,12.727977665485408,,,12.727977665485408,,12.269563743311371,,,12.269563743311371
Elizabeth Berkley Lauren,,133189.0,,,133189.0,,299226.0,,,299226.0,,11.799531959195075,,,11.799531959195075,,12.608957761652729,,,12.608957761652729
Leah Remini,,828481.0,,,828481.0,,,,,,,13.627350389601878,,,13.627350389601878,,,,,
Corbin Bleu,,754610.0,,36100.0,790710.0,,242304.0,,,242304.0,,13.533957663665575,,10.494075844768336,13.580687819686041,,12.39795254216744,,,12.39795254216744
Amber Riley,,,,,,,768913.0,,114000.0,882913.0,,,,,,,13.552734408683879,,11.643962499267984,13.690983079599384
Keyshawn Johnson,,,,,,,148813.0,,13500.0,162313.0,,,,,,,11.910452482976822,,9.510519035757246,11.997288009794824
Bill Engvall,,,,,,,,,,,,,,,,,,,,
Christina Milian,,1443788.0,,219000.0,1662788.0,,,,,,,14.18278146587441,,12.296831574998258,14.324006870991132,,,,,
"Nicole ""Snooki"" Polizzi",,5943724.0,,,5943724.0,,85392.0,,,85392.0,,15.597846599168149,,,15.597846599168149,,11.35501940920405,,,11.35501940920405
Jack Osbourne,,,,,,,380112.0,,,380112.0,,,,,,,12.848223855918395,,,12.848223855918395
Bill Nye,,5964504.0,,,5964504.0,,6423.0,,,6423.0,,15.601336625997021,,,15.601336625997021,,8.767796255626598,,,8.767796255626598
Billy Dee Williams,,231942.0,,,231942.0,,,,,,,12.354246930806626,,,12.354246930806626,,,,,
Danica McKellar,,153759.0,,,153759.0,,299226.0,,,299226.0,,11.94314822420412,,,11.94314822420412,,12.608957761652729,,,12.608957761652729
James Maslow,,2899243.0,,540000.0,3439243.0,,213109.0,,,213109.0,,14.879960571316076,,13.199326270390594,15.050762237755318,,12.269563743311371,,,12.269563743311371
Candace Cameron Bure,,621422.0,,,621422.0,,,,,,,13.339767288452121,,,13.339767288452121,,,,,
Sean Avery,,,,,,,242304.0,,,242304.0,,,,,,,12.39795254216744,,,12.39795254216744
Diana Nyad,,38416.0,,,38416.0,,,,,,,10.55625534894273,,,10.55625534894273,,,,,
Charlie White,,92078.0,,,92078.0,,148813.0,,13500.0,162313.0,,11.43040218321516,,,11.43040218321516,,11.910452482976822,,9.510519035757246,11.997288009794824
Amy Purdy,,61953.0,,,61953.0,,768913.0,,114000.0,882913.0,,11.034147453173013,,,11.034147453173013,,13.552734408683879,,11.643962499267984,13.690983079599384
Meryl Davis,,141507.0,,,141507.0,,,,,,,11.860111531569741,,,11.860111531569741,,,,,
Drew Carey,,563264.0,,,563264.0,,380112.0,,,380112.0,,13.241505489098344,,,13.241505489098344,,12.848223855918395,,,12.848223855918395
Cody Simpson,,6719568.0,,1090000.0,7809568.0,,169660.0,,,169660.0,,15.72053457353771,,13.901689171636098,15.870860334633672,,12.04155760748558,,,12.04155760748558
NeNe Leakes,,1982865.0,,272000.0,2254865.0,,,,,,,14.500053830836432,,12.513561021741964,14.628601105649944,,,,,
Antonio Sabato Jr.,,619858.0,,,619858.0,,380112.0,,,380112.0,,13.337247311802733,,,13.337247311802733,,12.848223855918395,,,12.848223855918395
Jonathan Bennett,,,,,,,,,,,,,,,,,,,,
Lea Thompson,,219108.0,,,219108.0,,186633.0,,,186633.0,,12.297324601873644,,,12.297324601873644,,12.136904758728935,,,12.136904758728935
Janel Parrish,,,,,,,299226.0,,,299226.0,,,,,,,12.608957761652729,,,12.608957761652729
Alfonso Ribeiro,,155603.0,,,155603.0,,169660.0,,,169660.0,,11.955069597336884,,,11.955069597336884,,12.04155760748558,,,12.04155760748558
Lolo Jones,568833.0,371624.0,,,940457.0,,,,,,13.251343930649554,12.825640560300398,,,13.754122269628775,,,,,
Randy Couture,,629656.0,,,629656.0,,242304.0,,,242304.0,,13.352930505659577,,,13.352930505659577,,12.39795254216744,,,12.39795254216744
Tommy Chong,,545918.0,,,545918.0,,213109.0,,,213109.0,,13.210225892073495,,,13.210225892073495,,12.269563743311371,,,12.269563743311371
Betsey Johnson,,405507.0,,,405507.0,,,,,,,12.91289588107296,,,12.91289588107296,,,,,
Michael Waltrip,,,,,,,,,,,,,,,,,,,,
Tavis Smiley,,307387.0,,,307387.0,,148813.0,,13500.0,162313.0,,12.635866072239434,,,12.635866072239434,,11.910452482976822,,9.510519035757246,11.997288009794824
Bethany Mota,,4683293.0,,9370000.0,14053293.0,,768913.0,,114000.0,882913.0,,15.359512266464138,,16.053023760938185,16.458367374663876,,13.552734408683879,,11.643962499267984,13.690983079599384
Sadie Robertson,,1703122.0,,,1703122.0,,,,,,,14.34797418252113,,,14.34797418252113,,,,,
Suzanne Somers,,57295.0,,,57295.0,,,,,,,10.955986092238215,,,10.955986092238215,,,,,
Willow Shields,,218938.0,,,218938.0,,,,,,,12.296548431186713,,,12.296548431186713,,,,,
Riker Lynch,,,,,,,,,,,,,,,,,,,,
Rumer Willis,,256253.0,,,256253.0,,299226.0,,,299226.0,,12.453924419069022,,,12.453924419069022,,12.608957761652729,,,12.608957761652729
Nastia Liukin,,360789.0,,,360789.0,,768913.0,,114000.0,882913.0,,12.796051350600253,,,12.796051350600253,,13.552734408683879,,11.643962499267984,13.690983079599384
Michael Sam,,,,,,,213109.0,,,213109.0,,,,,,,12.269563743311371,,,12.269563743311371
Robert Herjavec,,822542.0,,311000.0,1133542.0,,,,,,,13.62015603989039,,12.647551406590285,13.94085868380789,,,,,
Charlotte McKinney,,141018.0,,,141018.0,,,,,,,11.85664991205515,,,11.85664991205515,,,,,
Noah Galloway,,,,,,,148813.0,,13500.0,162313.0,,,,,,,11.910452482976822,,9.510519035757246,11.997288009794824
Redfoo,,822536.0,,2880000.0,3702536.0,,,,,,,13.62014874541231,,14.873301199334291,15.124528818321965,,,,,
Patti LaBelle,,432327.0,,371000.0,803327.0,,186633.0,,,186633.0,,12.97693983839401,,12.82396003700373,13.59651837777254,,12.136904758728935,,,12.136904758728935
Chris Soules,,,,,,,169660.0,,,169660.0,,,,,,,12.04155760748558,,,12.04155760748558
Gary Busey,,,,,,,,,,,,,,,,,,,,
Alexa PenaVega,,404047.0,,,404047.0,,,,,,,12.909288961766903,,,12.909288961766903,,,,,
Carlos PenaVega,,2541094.0,,,2541094.0,,169660.0,,,169660.0,,14.748105648459,,,14.748105648459,,12.04155760748558,,,12.04155760748558
Victor Espinoza,,27054.0,,,27054.0,,242304.0,,,242304.0,,10.205627110076836,,,10.205627110076836,,12.39795254216744,,,12.39795254216744
Alek Skarlatos,,35391.0,,,35391.0,,117473.0,,,117473.0,,10.474241084882006,,,10.474241084882006,,11.673972311485327,,,11.673972311485327
Chaka Khan,,483757.0,,502000.0,985757.0,,,,,,,13.089340060657086,,13.126357390703754,13.801166167354925,,,,,
Andy Grammer,,145751.0,,,145751.0,,,,,,,11.88966182624552,,,11.88966182624552,,,,,
Tamar Braxton,,1793795.0,,832000.0,2625795.0,,299226.0,,,299226.0,,14.399844602760554,,13.631588921725701,14.780894646135721,,12.608957761652729,,,12.608957761652729
Nick Carter,,,,,,,148813.0,,13500.0,162313.0,,,,,,,11.910452482976822,,9.510519035757246,11.997288009794824
Hayes Grier,,3488963.0,,834000.0,4322963.0,,,,,,,15.065115401972944,,13.633989880380932,15.279451836064782,,,,,
Bindi Irwin,,775779.0,,,775779.0,,768913.0,,114000.0,882913.0,,13.561624253815532,,,13.561624253815532,,13.552734408683879,,11.643962499267984,13.690983079599384
Kim Zolciak-Biermann,,1008788.0,,,1008788.0,,,,,,,13.824261159528987,,,13.824261159528987,,,,,
Paula Deen,,1185880.0,,,1185880.0,,67867.0,,,67867.0,,13.98599651623756,,,13.98599651623756,,11.12531992116283,,,11.12531992116283
Mischa Barton,,92074.0,,,92074.0,,186633.0,,,186633.0,,11.430358741313267,,,11.430358741313267,,12.136904758728935,,,12.136904758728935
Kim Fields,,140834.0,,,140834.0,,85392.0,,,85392.0,,11.855344271360757,,,11.855344271360757,,11.35501940920405,,,11.35501940920405
Jodie Sweetin,,351624.0,,,351624.0,,,,,,,12.770320545792158,,,12.770320545792158,,,,,
Doug Flutie,,53930.0,,,53930.0,,242304.0,,,242304.0,,10.895460730714525,,,10.895460730714525,,12.39795254216744,,,12.39795254216744
Von Miller,,,,,,,169660.0,,,169660.0,,,,,,,12.04155760748558,,,12.04155760748558
Antonio Brown,16125353.0,1653553.0,,430000.0,18208906.0,,148813.0,,13500.0,162313.0,16.59590337389351,14.31843746886891,,12.971542813248437,16.717421427936447,,11.910452482976822,,9.510519035757246,11.997288009794824
Paige VanZant,,643897.0,,703000.0,1346897.0,,,,,,,13.375295607449079,,13.463113593266897,14.113314728694572,,,,,
Geraldo Rivera,,376064.0,,16200.0,392264.0,,,,,,,12.837517279771756,,9.692828247710418,12.879692910781896,,,,,
Nyle DiMarco,,366931.0,,,366931.0,,213109.0,,,213109.0,,12.812931823765574,,,12.812931823765574,,12.269563743311371,,,12.269563743311371
Ginger Zee,,2276325.0,,,2276325.0,,299226.0,,,299226.0,,14.638073297714795,,,14.638073297714795,,12.608957761652729,,,12.608957761652729
Wanya Morris,,,,,,,117473.0,,,117473.0,,,,,,,11.673972311485327,,,11.673972311485327
Marla Maples,,27907.0,,,27907.0,,,,,,,10.236668665059128,,,10.236668665059128,,,,,
Jake T. Austin,,2803618.0,,,2803618.0,,79694.0,,,79694.0,,14.846421640586343,,,14.846421640586343,,11.285962127553153,,,11.285962127553153
Maureen McCormick,,,,,,,186633.0,,,186633.0,,,,,,,12.136904758728935,,,12.136904758728935
Marilu Henner,,,,,,,768913.0,,114000.0,882913.0,,,,,,,13.552734408683879,,11.643962499267984,13.690983079599384
Ryan Lochte,,914967.0,,,914967.0,,380112.0,,,380112.0,,13.726644370968504,,,13.726644370968504,,12.848223855918395,,,12.848223855918395
Calvin Johnson Jr.,,,,,,,117473.0,,,117473.0,,,,,,,11.673972311485327,,,11.673972311485327
Laurie Hernandez,,598540.0,,,598540.0,,299226.0,,,299226.0,,13.302250306228652,,,13.302250306228652,,12.608957761652729,,,12.608957761652729
Amber Rose,,,,,,,,,,,,,,,,,,,,
Rick Perry,,,,,,,,,,,,,,,,,,,,
James Hinchcliffe,,158285.0,,,158285.0,,148813.0,,13500.0,162313.0,,11.972158802286575,,,11.972158802286575,,11.910452482976822,,9.510519035757246,11.997288009794824
Babyface,,,,,,,,,,,,,,,,,,,,
Vanilla Ice,,331927.0,,1120000.0,1451927.0,,169660.0,,,169660.0,,12.712673356909596,,13.928840136128022,14.188402886360555,,12.04155760748558,,,12.04155760748558
Jana Kramer,,612306.0,,286000.0,898306.0,,64840.0,,,64840.0,,13.324989069705124,,12.563750586299374,13.708267159683876,,11.07969339830934,,,11.07969339830934
Terra Jole,,75652.0,,,75652.0,,85392.0,,,85392.0,,11.233912374742173,,,11.233912374742173,,11.35501940920405,,,11.35501940920405
Charo,,15071.0,,,15071.0,,,,,,,9.620593996816144,,,9.620593996816144,,,,,
Mr. T,,360563.0,,,360563.0,,,,,,,12.795424751156999,,,12.795424751156999,,,,,
Heather Morris,,,,,,,,,,,,,,,,,,,,
Nancy Kerrigan,,,,,,,186633.0,,,186633.0,,,,,,,12.136904758728935,,,12.136904758728935
Bonner Bolton,,14694.0,,,14694.0,,148813.0,,13500.0,162313.0,,9.595262578853017,,,9.595262578853017,,11.910452482976822,,9.510519035757246,11.997288009794824
Simone Biles,,1704285.0,,,1704285.0,,85392.0,,,85392.0,,14.348656812663364,,,14.348656812663364,,11.35501940920405,,,11.35501940920405
David Ross,,,,,,,117473.0,,,117473.0,,,,,,,11.673972311485327,,,11.673972311485327
Rashad Jennings,,,,,,,,,,,,,,,,,,,,
Chris Kattan,,66522.0,,,66522.0,,169660.0,,,169660.0,,11.105303031508205,,,11.105303031508205,,12.04155760748558,,,12.04155760748558
Erika Jayne,,507693.0,,,507693.0,,64840.0,,,64840.0,,13.137634182862895,,,13.137634182862895,,11.07969339830934,,,11.07969339830934
Normani,,,,,,,299226.0,,,299226.0,,,,,,,12.608957761652729,,,12.608957761652729
Nick Viall,,297550.0,,,297550.0,,213109.0,,,213109.0,,12.603340917847051,,,12.603340917847051,,12.269563743311371,,,12.269563743311371
Sasha Pieterse,,,,67900.0,67900.0,,64840.0,,,64840.0,,,,11.125806040978839,11.125806040978839,,11.07969339830934,,,11.07969339830934
Frankie Muniz,,333591.0,,,333591.0,,169660.0,,,169660.0,,12.717673968363837,,,12.717673968363837,,12.04155760748558,,,12.04155760748558
Jordan Fisher,,505647.0,,394000.0,899647.0,,117473.0,,,117473.0,,13.133596054017442,,12.884108726347916,13.709758854691438,,11.673972311485327,,,11.673972311485327
Derek Fisher,,,,,,,148813.0,,13500.0,162313.0,,,,,,,11.910452482976822,,9.510519035757246,11.997288009794824
Nikki Bella,,3608404.0,,3430000.0,7038404.0,,186633.0,,,186633.0,,15.098776404419352,,15.04807111068727,15.766892139965064,,12.136904758728935,,,12.136904758728935
Terrell Owens,,1391474.0,,,1391474.0,,380112.0,,,380112.0,,14.145874893563189,,,14.145874893563189,,12.848223855918395,,,12.848223855918395
Victoria Arlen,,,,,,,299226.0,,,299226.0,,,,,,,12.608957761652729,,,12.608957761652729
Barbara Corcoran,,739046.0,,,739046.0,,,,,,,13.513116797366706,,,13.513116797366706,,,,,
Lindsey Stirling,,491112.0,,14300000.0,14791112.0,,,,,,,13.10442952286411,,16.475770165160203,16.50953708540527,,,,,
Debbie Gibson,,122492.0,,113000.0,235492.0,,64741.0,,,64741.0,,11.715809164477061,,11.635151947212842,12.369436468005336,,11.078165419805039,,,11.078165419805039
Nick Lachey,,,,56700.0,56700.0,,213109.0,,,213109.0,,,,10.945547126244623,10.945547126244623,,12.269563743311371,,,12.269563743311371
Drew Scott,,,,,,,,,,,,,,,,,,,,
Vanessa Lachey,,150838.0,,,150838.0,,,,,,,11.923968321809083,,,11.923968321809083,,,,,
Jamie Anderson,,,,,,,186633.0,,,186633.0,,,,,,,12.136904758728935,,,12.136904758728935
Johnny Damon,,,,,,,,,,,,,,,,,,,,
Kareem Abdul-Jabbar,,2223396.0,,19100.0,2242496.0,,117473.0,,,117473.0,,14.614546764495863,,9.857495968685136,14.623100535121552,,11.673972311485327,,,11.673972311485327
Arike Ogunbowale,,43775.0,,,43775.0,,64840.0,,,64840.0,,10.686841000982222,,,10.686841000982222,,11.07969339830934,,,11.07969339830934
Jennie Finch Daigle,,165191.0,,,165191.0,,,,,,,12.01486371274631,,,12.01486371274631,,,,,
Chris Mazdzer,,17519.0,,,17519.0,,169660.0,,,169660.0,,9.771098364490383,,,9.771098364490383,,12.04155760748558,,,12.04155760748558
Mirai Nagasu,,93295.0,,,93295.0,,64741.0,,,64741.0,,11.443532513461937,,,11.443532513461937,,11.078165419805039,,,11.078165419805039
Tonya Harding,,,,,,,85392.0,,,85392.0,,,,,,,11.35501940920405,,,11.35501940920405
Josh Norman,,186591.0,,,186591.0,,148813.0,,13500.0,162313.0,,12.136679694021883,,,12.136679694021883,,11.910452482976822,,9.510519035757246,11.997288009794824
Adam Rippon,,492937.0,,83900.0,576837.0,,79694.0,,,79694.0,,13.108138684467207,,11.3373928113354,13.265316743504057,,11.285962127553153,,,11.285962127553153
Juan Pablo Di Pace,,46789.0,,,46789.0,,380112.0,,,380112.0,,10.753424783860263,,,10.753424783860263,,12.848223855918395,,,12.848223855918395
Evanna Lynch,,1181183.0,,,1181183.0,,,,,,,13.982027883213261,,,13.982027883213261,,,,,
Nancy McKeon,,,,,,,299226.0,,,299226.0,,,,,,,12.608957761652729,,,12.608957761652729
John Schneider,,70833.0,,,70833.0,,,,,,,11.168094390398915,,,11.168094390398915,,,,,
Milo Manheim,,81434.0,,,81434.0,,169660.0,,,169660.0,,11.30756043500766,,,11.30756043500766,,12.04155760748558,,,12.04155760748558
Danelle Umstead,,3137.0,,,3137.0,,186633.0,,,186633.0,,8.051340933292979,,,8.051340933292979,,12.136904758728935,,,12.136904758728935
Mary Lou Retton,,,,,,,85392.0,,,85392.0,,,,,,,11.35501940920405,,,11.35501940920405
DeMarcus Ware,,766734.0,,,766734.0,,117473.0,,,117473.0,,13.54989651869417,,,13.54989651869417,,11.673972311485327,,,11.673972311485327
Nikki Glaser,,522189.0,,94000.0,616189.0,,64840.0,,,64840.0,,13.165786785312754,,11.451060699493427,13.33131063651578,,11.07969339830934,,,11.07969339830934
Bobby Bones,,651409.0,,290000.0,941409.0,,148813.0,,13500.0,162313.0,,13.386894523256943,,12.577639650232573,13.755134030369922,,11.910452482976822,,9.510519035757246,11.997288009794824
Tinashe,,1113768.0,,2180000.0,3293768.0,,,,,,,13.92326031710537,,14.594835893480763,15.00754305975612,,,,,
Alexis Ren,,1405641.0,,1120000.0,2525641.0,,64741.0,,,64741.0,,14.156004695886699,,13.928840136128022,14.7420058457994,,11.078165419805039,,,11.078165419805039
Joe Amabile,,101759.0,,,101759.0,,79694.0,,,79694.0,,11.530372378573949,,,11.530372378573949,,11.285962127553153,,,11.285962127553153
Kate Flannery,,314456.0,,,314456.0,,2721.0,,,2721.0,,12.65860262081467,,,12.65860262081467,,7.909122183211411,,,7.909122183211411
James Van Der Beek,,263127.0,,,263127.0,,,,,,,12.480395884778964,,,12.480395884778964,,,,,
Kel Mitchell,,120138.0,,,120138.0,,169660.0,,,169660.0,,11.69640468474707,,,11.69640468474707,,12.04155760748558,,,12.04155760748558
Ray Lewis,,,,,,,380112.0,,,380112.0,,,,,,,12.848223855918395,,,12.848223855918395
Lamar Odom,,3607877.0,,,3607877.0,,213109.0,,,213109.0,,15.098630345845725,,,15.098630345845725,,12.269563743311371,,,12.269563743311371
Sailor Brinkley-Cook,,,,,,,299226.0,,,299226.0,,,,,,,12.608957761652729,,,12.608957761652729
Sean Spicer,,477843.0,,190000.0,667843.0,,117473.0,,,117473.0,,13.077039598373997,,12.154784614286667,13.41180989231159,,11.673972311485327,,,11.673972311485327
Mary Wilson,,,,,,,,,,,,,,,,,,,,
Lauren Alaina,,,,,,,64840.0,,,64840.0,,,,,,,11.07969339830934,,,11.07969339830934
Ally Brooke,,2705836.0,,375000.0,3080836.0,,85392.0,,,85392.0,,14.810921849387123,,12.834683971615659,14.940711871278285,,11.35501940920405,,,11.35501940920405
Karamo Brown,,423817.0,,,423817.0,,79694.0,,,79694.0,,12.957059396778948,,,12.957059396778948,,11.285962127553153,,,11.285962127553153
Hannah Brown,,,,,,,64741.0,,,64741.0,,,,,,,11.078165419805039,,,11.078165419805039
Anne Heche,,18304.0,,,18304.0,,,,,,,9.814929525554337,,,9.814929525554337,,,,,
Jesse Metcalfe,,190215.0,,,190215.0,,148813.0,,13500.0,162313.0,,12.155915547532238,,,12.155915547532238,,11.910452482976822,,9.510519035757246,11.997288009794824
Chrishell Stause,,143740.0,,,143740.0,,64840.0,,,64840.0,,11.87576834800394,,,11.87576834800394,,11.07969339830934,,,11.07969339830934
Skai Jackson,,813819.0,,1570000.0,2383819.0,,64741.0,,,64741.0,,13.609494490310654,,14.266586814266963,14.68421480096115,,11.078165419805039,,,11.078165419805039
Justina Machado,,72004.0,,,72004.0,,85392.0,,,85392.0,,11.184490840031483,,,11.184490840031483,,11.35501940920405,,,11.35501940920405
Charles Oakley,,,,,,,,,,,,,,,,,,,,
Veron Davis,,,,,,,213109.0,,,213109.0,,,,,,,12.269563743311371,,,12.269563743311371
Johnny Weir,,375316.0,,,375316.0,,,,,,,12.835526281192887,,,12.835526281192887,,,,,
Nev Schulman,,,,,,,79694.0,,,79694.0,,,,,,,11.285962127553153,,,11.285962127553153
AJ McLean,,388216.0,,74800.0,463016.0,,380112.0,,,380112.0,,12.869319740618078,,11.222586532857163,13.045519049456951,,12.848223855918395,,,12.848223855918395
Nelly,,,,,,,,,,,,,,,,,,,,
Kaitlyn Bristowe,,454401.0,,,454401.0,,186633.0,,,186633.0,,13.026737547787842,,,13.026737547787842,,12.136904758728935,,,12.136904758728935
Carole Baskin,,,,,,,2721.0,,,2721.0,,,,,,,7.909122183211411,,,7.909122183211411
Monica Aldama,,49475.0,,,49475.0,,299226.0,,,299226.0,,10.8092429824949,,,10.8092429824949,,12.608957761652729,,,12.608957761652729
Jeannie Mai,,257313.0,,791000.0,1048313.0,,,,,,,12.45805240798276,,13.581054510971494,13.86269371730713,,,,,
Martin Kove,,,,,,,,,,,,,,,,,,,,
Brian Austin Green,,,,,,,148813.0,,13500.0,162313.0,,,,,,,11.910452482976822,,9.510519035757246,11.997288009794824
Melora Hardin,,47921.0,,,47921.0,,186633.0,,,186633.0,,10.777329968145445,,,10.777329968145445,,12.136904758728935,,,12.136904758728935
Matt James,,,,,,,117473.0,,,117473.0,,,,,,,11.673972311485327,,,11.673972311485327
"Mike ""The Miz"" Mizanin",,3228492.0,,,3228492.0,,169660.0,,,169660.0,,14.987526022856747,,,14.987526022856747,,12.04155760748558,,,12.04155760748558
Suni Lee,,180423.0,,,180423.0,,85392.0,,,85392.0,,12.103064915455944,,,12.103064915455944,,11.35501940920405,,,11.35501940920405
Iman Shumpert,,658986.0,,,658986.0,,,,,,,13.39845908643119,,,13.39845908643119,,,,,
Cody Rigsby,,,,,,,380112.0,,,380112.0,,,,,,,12.848223855918395,,,12.848223855918395
Melanie C,1002019.0,607940.0,,222000.0,1831959.0,,64840.0,,,64840.0,13.817528520507588,13.317833116765986,,12.310437165348775,14.420896989916711,,11.07969339830934,,,11.07969339830934
Jimmie Allen,,85226.0,,320000.0,405226.0,,,,,,,11.353073564023212,,12.676079399771027,12.91220268289784,,,,,
Olivia Jade,,146987.0,,1830000.0,1976987.0,,299226.0,,,299226.0,,11.898106229775685,,14.419827071265543,14.4970850323316,,12.608957761652729,,,12.608957761652729
JoJo Siwa,,667054.0,40000000.0,12100000.0,52767054.0,,79694.0,,,79694.0,,13.410627780268838,17.50439003707821,16.308716093211594,17.781397595600144,,11.285962127553153,,,11.285962127553153
Christine Chiu,,,,,,,2721.0,,,2721.0,,,,,,,7.909122183211411,,,7.909122183211411
Kenya Moore,,725672.0,,,725672.0,,,,,,,13.494854779117288,,,13.494854779117288,,,,,
Amanda Kloots,,,,,,,64741.0,,,64741.0,,,,,,,11.078165419805039,,,11.078165419805039
Jason Lewis,,,,,,,213109.0,,,213109.0,,,,,,,12.269563743311371,,,12.269563743311371
Cheryl Ladd,,20852.0,,,20852.0,,67867.0,,,67867.0,,9.945253101768596,,,9.945253101768596,,11.12531992116283,,,11.12531992116283
Selma Blair,,172728.0,,,172728.0,,85392.0,,,85392.0,,12.059479171288299,,,12.059479171288299,,11.35501940920405,,,11.35501940920405
Joseph Baena,,,,,,,,,,,,,,,,,,,,
Trevor Donovan,,157856.0,,,157856.0,,,,,,,11.969444838900891,,,11.969444838900891,,,,,
Daniel Durant,,13782.0,,,13782.0,,,,,,,9.531191227694439,,,9.531191227694439,,,,,
Wayne Brady,,391437.0,,,391437.0,,169660.0,,,169660.0,,12.877582416610078,,,12.877582416610078,,12.04155760748558,,,12.04155760748558
Sam Champion,,,,,,,380112.0,,,380112.0,,,,,,,12.848223855918395,,,12.848223855918395
Jessie James Decker,,544281.0,,265000.0,809281.0,,64741.0,,,64741.0,,13.207222773877303,,12.487488878546145,13.603902713793227,,11.078165419805039,,,11.078165419805039
Jordin Sparks,,3538570.0,,,3538570.0,,,,,,,15.079233531295971,,,15.079233531295971,,,,,
Heidi D'Amelio,,573919.0,,,573919.0,,186633.0,,,186633.0,,13.26024529276611,,,13.26024529276611,,12.136904758728935,,,12.136904758728935
Charli D'Amelio,,5045413.0,156800141.0,9050000.0,170895554.0,,,,,,,15.433990269849968,18.870482571492417,16.01827542617334,18.95656313838537,,,,,
Teresa Giudice,,1032419.0,,,1032419.0,,2721.0,,,2721.0,,13.847416118975259,,,13.847416118975259,,7.909122183211411,,,7.909122183211411
Vinny Guadagnino,,2772774.0,,,2772774.0,,,,,,,14.83535918174588,,,14.83535918174588,,,,,
Shangela,,,,,,,64840.0,,,64840.0,,,,,,,11.07969339830934,,,11.07969339830934
Gabby Windey,,,,,,,299226.0,,,299226.0,,,,,,,12.608957761652729,,,12.608957761652729
Jamie Lynn Spears,,495962.0,,134000.0,629962.0,,64741.0,,,64741.0,,13.114256606150393,,11.80560254159177,13.353416366484302,,11.078165419805039,,,11.078165419805039
Mira Sorvino,,188469.0,,,188469.0,,64840.0,,,64840.0,,12.146694122010674,,,12.146694122010674,,11.07969339830934,,,11.07969339830934
Barry Williams,,,,,,,213109.0,,,213109.0,,,,,,,12.269563743311371,,,12.269563743311371
Alyson Hannigan,,1089583.0,,,1089583.0,,85392.0,,,85392.0,,13.901306529981758,,,13.901306529981758,,11.35501940920405,,,11.35501940920405
Xochitl Gomez,,,,,,,299226.0,,,299226.0,,,,,,,12.608957761652729,,,12.608957761652729
Adrian Peterson,,,,,,,,,,,,,,,,,,,,
Matt Walsh,,153724.0,,,153724.0,,,,,,,11.94292057082167,,,11.94292057082167,,,,,
Tyson Beckford,,,,,,,79694.0,,,79694.0,,,,,,,11.285962127553153,,,11.285962127553153
Jason Mraz,,5201447.0,,3740000.0,8941447.0,,,,,,,15.4644476063269,,15.134596436770359,16.006208102714275,,,,,
Lele Pons,,1825265.0,,18000000.0,19825265.0,,,,,,,14.417236287802387,,16.705882371415992,16.802467742797443,,,,,
Harry Jowsey,,,,,,,,,,,,,,,,,,,,
Mauricio Umansky,,253677.0,,,253677.0,,,,,,,12.44382102523287,,,12.44382102523287,,,,,
Charity Lawson,,,,,,,186633.0,,,186633.0,,,,,,,12.136904758728935,,,12.136904758728935
Ariana Madix,,,,,,,2721.0,,,2721.0,,,,,,,7.909122183211411,,,7.909122183211411
Tori Spelling,1773798.0,,,,1773798.0,,2721.0,,,2721.0,14.388634132162913,,,,14.388634132162913,,7.909122183211411,,,7.909122183211411
Eric Roberts,,47896.0,,,47896.0,,,,,,,10.77680815095747,,,10.77680815095747,,,,,
Reginald VelJohnson,,,,,,,,,,,,,,,,,,,,
Chandler Kinney,,29604.0,,,29604.0,,,,,,,10.295698544965877,,,10.295698544965877,,,,,
Dwight Howard ,,6346506.0,,,6346506.0,,,,,,,15.663415140779902,,,15.663415140779902,,,,,
Danny Amendola,,404538.0,,,404538.0,,169660.0,,,169660.0,,12.91050342616059,,,12.91050342616059,,12.04155760748558,,,12.04155760748558
Stephen Nedoroscik,,,,,,,,,,,,,,,,,,,,
Ilona Maher,,,,,,,64741.0,,,64741.0,,,,,,,11.078165419805039,,,11.078165419805039
Anna Delvey,,35795.0,,,35795.0,,,,,,,10.48559143430275,,,10.48559143430275,,,,,
Brooks Nader,,,,,,,64840.0,,,64840.0,,,,,,,11.07969339830934,,,11.07969339830934
Phaedra Parks,,,,,,,299226.0,,,299226.0,,,,,,,12.608957761652729,,,12.608957761652729
Jenn Tran,,,,,,,85392.0,,,85392.0,,,,,,,11.35501940920405,,,11.35501940920405
Joey Graziadei,,,,,,,79694.0,,,79694.0,,,,,,,11.285962127553153,,,11.285962127553153
Corey Feldman,,165459.0,,,165459.0,,79694.0,,,79694.0,,12.016484752744175,,,12.016484752744175,,11.285962127553153,,,11.285962127553153
Danielle Fishel,,327068.0,,,327068.0,,2721.0,,,2721.0,,12.697926436794397,,,12.697926436794397,,7.909122183211411,,,7.909122183211411
Elaine Hendrix,,,,,,,,,,,,,,,,,,,,
Baron Davis,,1040511.0,,,1040511.0,,,,,,,13.85522345766619,,,13.85522345766619,,,,,
Jordan Chiles,,46414.0,,,46414.0,,,,,,,10.745377961834032,,,10.745377961834032,,,,,
Andy Richter,,1068357.0,,,1068357.0,,,,,,,13.88163344832581,,,13.88163344832581,,,,,
Robert Irwin,,597288.0,,,597288.0,,,,,,,13.300156362344556,,,13.300156362344556,,,,,
Hilaria Baldwin,,,,,,,64840.0,,,64840.0,,,,,,,11.07969339830934,,,11.07969339830934
Lauren Jauregui,,4296896.0,,1040000.0,5336896.0,,,,,,,15.273403692258066,,13.854732232655556,15.49015495589807,,,,,
Scott Hoying,,492644.0,,368000.0,860644.0,,,,,,,13.107544112505979,,12.81584093453868,13.665437387120237,,,,,
Alix Earle,,,,265000.0,265000.0,,,,,,,,,12.487488878546145,12.487488878546145,,,,,
Jen Affleck,,,,,,,,,,,,,,,,,,,,
Whitney Leavitt,,,,,,,,,,,,,,,,,,,,
Dylan Efron,,,,,,,,,,,,,,,,,,,,
