celebrity_name,season,placement,week1_fan_vote_pct,week2_fan_vote_pct,week3_fan_vote_pct,week4_fan_vote_pct,week5_fan_vote_pct,week6_fan_vote_pct,week7_fan_vote_pct,week8_fan_vote_pct,week9_fan_vote_pct,week10_fan_vote_pct,week11_fan_vote_pct
John O'Hurley,1,2,0.16666666665000002,0.16666666994366539,0.16666666665000002,0.18427212763563167,0.16666666665000002,0.16666666665000002,0.0,0.0,0.0,0.0,0.0
Kelly Monaco,1,1,0.16666666665000002,0.17984363160168945,0.16666666665000002,0.16909805606106407,0.16666666665000002,0.16666666665000002,0.0,0.0,0.0,0.0,0.0
Evander Holyfield,1,5,0.16666666665000002,0.18894131548713422,0.16666666665000002,0.16666667569726157,0.16666666665000002,0.16666666665000002,0.0,0.0,0.0,0.0,0.0
Rachel Hunter,1,4,0.16666666665000002,0.16666666993643106,0.16666666665000002,0.1202918385805811,0.16666666665000002,0.16666666665000002,0.0,0.0,0.0,0.0,0.0
Joey McIntyre,1,3,0.16666666665000002,0.1679187769771757,0.16666666665000002,0.19300462622774664,0.16666666665000002,0.16666666665000002,0.0,0.0,0.0,0.0,0.0
Trista Sutter,1,6,0.16666666665000002,0.12996293595389855,0.16666666665000002,0.16666667569739674,0.16666666665000002,0.16666666665000002,0.0,0.0,0.0,0.0,0.0
Tatum O'Neal,2,9,0.10000000073505808,0.084999994011645,0.10000000195951582,0.09999999999,0.10000000222521971,0.10000000073505808,0.10000000208281139,0.09999999999,0.0,0.0,0.0
Tia Carrere,2,6,0.10000000073505808,0.10000000148011615,0.10000000195951582,0.09999999999,0.08986754062957747,0.10000000073505808,0.10000000208281139,0.09999999999,0.0,0.0,0.0
George Hamilton,2,5,0.10000000073505808,0.10000000148011615,0.1065993469491443,0.09999999999,0.10337748197288318,0.08999999707183122,0.10000000208281139,0.09999999999,0.0,0.0,0.0
Lisa Rinna,2,4,0.10000000073505808,0.10249999775750436,0.1011603243187171,0.09999999999,0.10006622366606567,0.10000000073505808,0.05695946279564524,0.09999999999,0.0,0.0,0.0
Stacy Keibler,2,3,0.10000000073505808,0.10000000148011615,0.10000000195918685,0.09999999999,0.10000000222521971,0.10000000073505808,0.10442202061304746,0.09999999999,0.0,0.0,0.0
Jerry Rice,2,2,0.10000000073505808,0.10000000148011615,0.1120383695588658,0.09999999999,0.10668874028015544,0.10999999694770426,0.1341964833809027,0.09999999999,0.0,0.0,0.0
Giselle Fernandez,2,8,0.10000000073505808,0.10000000148011615,0.05909854205697526,0.09999999999,0.10000000222521971,0.10000000073505808,0.10000000208281139,0.09999999999,0.0,0.0,0.0
Master P,2,7,0.11256409949596075,0.11249999777003765,0.12110340723208612,0.09999999999,0.10000000222521971,0.10000000073505808,0.10000000208281139,0.09999999999,0.0,0.0,0.0
Drew Lachey,2,1,0.10000000073505808,0.10000000148011615,0.10000000195299649,0.09999999999,0.10000000222521971,0.10000000073505808,0.10442202061304746,0.09999999999,0.0,0.0,0.0
Kenny Mayne,2,10,0.08743589452357474,0.10000000148011615,0.10000000195299649,0.09999999999,0.10000000222521971,0.10000000073505808,0.10000000208329934,0.09999999999,0.0,0.0,0.0
Harry Hamlin,3,9,0.09090909225465103,0.09530337675326345,0.06446916377814138,0.09090909265045283,0.09090909235772691,0.0909090909,0.0909090909,0.09090909293214193,0.0909090909,0.0909090909,0.0
Vivica A. Fox,3,8,0.09090909225465103,0.09294929536639311,0.09090909262727358,0.06179973753930488,0.09090909235772691,0.0909090909,0.0909090909,0.09090909293214193,0.0909090909,0.0909090909,0.0
Monique Coleman,3,4,0.09090909225465103,0.0913799077808184,0.09090909261526181,0.09595582739129274,0.09451868241238458,0.0909090909,0.0909090909,0.0746705495039526,0.0909090909,0.0909090909,0.0
Joey Lawrence,3,3,0.09090909225465103,0.09090909284612399,0.09514520815102522,0.0921325420676464,0.09651293179734648,0.0909090909,0.0909090909,0.09861551129184962,0.0909090909,0.0909090909,0.0
Mario Lopez,3,2,0.09090909225465103,0.09530337675316254,0.09514520815102522,0.09090909265045283,0.09451868241228366,0.0909090909,0.0909090909,0.09173477728735457,0.0909090909,0.0909090909,0.0
Emmitt Smith,3,1,0.09090909225465103,0.09294929537211612,0.09821485825895072,0.09595582738994966,0.09451868241228367,0.0909090909,0.0909090909,0.09861551129184962,0.0909090909,0.0909090909,0.0
Shanna Moakler,3,10,0.09090909225465103,0.06438643192175814,0.09090909262727358,0.09090909265045283,0.09090909238397561,0.0909090909,0.0909090909,0.09090909293214193,0.0909090909,0.0909090909,0.0
Willa Ford,3,7,0.09090909225465103,0.09373398915881825,0.09514520815102522,0.09090909265045283,0.06127453842032764,0.0909090909,0.0909090909,0.09090909293214193,0.0909090909,0.0909090909,0.0
Sara Evans,3,6,0.0938336168350122,0.09530337675291174,0.09207555807930339,0.10110591798882253,0.09751005648828379,0.0909090909,0.0909090909,0.09090909293214193,0.0909090909,0.0909090909,0.0
Jerry Springer,3,5,0.09147512626587238,0.09687276434851015,0.0961684248458159,0.09850468427071733,0.09751005647368505,0.0909090909,0.0909090909,0.09090909293214193,0.0909090909,0.0909090909,0.0
Tucker Carlson,3,11,0.08741851876190708,0.09090909284612399,0.09090909261490406,0.09090909265045283,0.09090909238397561,0.0909090909,0.0909090909,0.09090909293214193,0.0909090909,0.0909090909,0.0
John Ratzenberger,4,6,0.0909090909,0.09440412552236696,0.09638746159062858,0.10090908854095469,0.0909090909,0.11267379528293064,0.0695822271441583,0.0909090909,0.09090909293164584,0.0909090909,0.0
Ian Ziering,4,4,0.0909090909,0.09369085326949239,0.0922991260480705,0.09090909225531248,0.0909090909,0.09796791279706883,0.0909090915773255,0.0909090909,0.07145760479396894,0.0909090909,0.0
Clyde Drexler,4,8,0.0909090909,0.09654394228902462,0.100475797123976,0.10354066749081715,0.0909090909,0.09090909293263802,0.0909090915773255,0.0909090909,0.09090909293164584,0.0909090909,0.0
Laila Ali,4,3,0.0909090909,0.0909090927793959,0.09536537768443396,0.09090909225531248,0.0909090909,0.09090909293263802,0.0909090915773255,0.0909090909,0.0966896799754671,0.0909090909,0.0
Apolo Anton Ohno,4,1,0.0909090909,0.09090909277954173,0.09332120993614725,0.09090909225531248,0.0909090909,0.09090909293263802,0.0909090915773255,0.0909090909,0.09879938463539488,0.0909090909,0.0
Shandi Finnessey,4,10,0.0909090909,0.09511739779128475,0.058979178139206355,0.09090909225531248,0.0909090909,0.09090909293263802,0.0909090915773255,0.0909090909,0.09090909293164584,0.0909090909,0.0
Paulina Porizkova,4,11,0.0909090909,0.06508862687322416,0.09090909361485493,0.09090909225531248,0.0909090909,0.09090909293263802,0.0909090915773255,0.0909090909,0.09090909293164584,0.0909090909,0.0
Heather Mills,4,7,0.0909090909,0.0922643087684553,0.09229912602783313,0.09090909225531248,0.0909090909,0.04620319900731396,0.0909090915773255,0.0909090909,0.09090909293164584,0.0909090909,0.0
Billy Ray Cyrus,4,5,0.0909090909,0.09440412552937946,0.0953653776798916,0.09090909225531248,0.0909090909,0.10679144228422034,0.11223594855991205,0.0909090909,0.09090909293164584,0.0909090909,0.0
Joey Fatone,4,2,0.0909090909,0.0922643087684553,0.09229912602747876,0.09090909225531248,0.0909090909,0.09090909293263802,0.0909090915773255,0.0909090909,0.09668967997364811,0.0909090909,0.0
Leeza Gibbons,4,9,0.0909090909,0.09440412552937946,0.09229912602747876,0.0682775058257282,0.0909090909,0.09090909293263802,0.0909090915773255,0.0909090909,0.09090909293164584,0.0909090909,0.0
Cameron Mathison,5,5,0.0836057074974042,0.08714890034923899,0.08333333456668765,0.08478632545532862,0.08333333456691502,0.0933333329375011,0.09173076879941346,0.05713560515464267,0.08333333518764517,0.083333333325,0.0
Jane Seymour,5,6,0.08333333767117224,0.08714890034923897,0.08333333456668765,0.08692307767348063,0.08333333456691502,0.10166666647360666,0.052564086305547875,0.08333333518673568,0.08333333518764517,0.083333333325,0.0
Sabrina Bryan,5,7,0.08333333767117224,0.083415228109738,0.08333333456668765,0.0833333376714754,0.08333333456691502,0.033333316621490285,0.08333333642986343,0.08333333518673568,0.08333333518764517,0.083333333325,0.0
Jennie Garth,5,4,0.0836057074974042,0.08714890034923897,0.08333333456668765,0.08478632545532862,0.08333333456691502,0.08777777725889066,0.08852564051812076,0.09523447225356962,0.057606828061092304,0.083333333325,0.0
Floyd Mayweather Jr. ,5,9,0.08944228359781915,0.08714890034923897,0.08705718021847572,0.0560683532779438,0.08333333456691502,0.08333333642819603,0.08333333642986343,0.08333333518673568,0.08333333518764517,0.083333333325,0.0
Josie Maran,5,12,0.0716990699006692,0.083415228109738,0.08333333456668765,0.0833333376714754,0.08333333456691502,0.08333333642819603,0.08333333642986343,0.08333333518673568,0.08333333518764517,0.083333333325,0.0
Albert Reed,5,11,0.0836057074974042,0.04942557185174836,0.08333333456668765,0.0833333376714754,0.08333333456691502,0.08333333642819603,0.08333333642986343,0.08333333518673568,0.08333333518764517,0.083333333325,0.0
Helio Castroneves,5,1,0.08333333767117224,0.08341522811277648,0.08333333456668765,0.08478632545532862,0.08830820521885833,0.0849999994086715,0.09012820465967661,0.08333333518673568,0.08905982723881281,0.083333333325,0.0
Mel B,5,2,0.08333333767117224,0.08558012991421206,0.08333333456668765,0.08692307767348063,0.08333333456691502,0.08333333642819603,0.08692307637838391,0.08382762804466778,0.08905982723881281,0.083333333325,0.0
Wayne Newton,5,10,0.08749675823071101,0.09185521169040838,0.07379357815068051,0.0833333376714754,0.08333333456691502,0.08333333642819603,0.08333333642986343,0.08333333518673568,0.08333333518764517,0.083333333325,0.0
Marie Osmond,5,3,0.08360570749694946,0.0847957446791228,0.08333333456668765,0.08692307767348063,0.09333333085446717,0.09888888863066346,0.09012820465967661,0.09713561295323428,0.09760683586012046,0.083333333325,0.0
Mark Cuban,5,8,0.08360570749694946,0.08950205603550411,0.08914923043065477,0.09547008654972666,0.06835845272443913,0.08333333642819603,0.08333333642986343,0.08333333518673568,0.08333333518764517,0.083333333325,0.0
Cristian de la Fuente,6,3,0.083333333325,0.08360570562867096,0.08456140416914482,0.08333333394589118,0.08823129134647577,0.08333333456676344,0.10142394801395652,0.08584269542236342,0.0842424217517315,0.083333333325,0.0
Steve Guttenberg,6,10,0.083333333325,0.09138780692134105,0.028684186679850242,0.08333333394589118,0.08333333580852693,0.08333333456676344,0.08333333642940868,0.08333333580852693,0.08333333456676344,0.083333333325,0.0
Priscilla Presley,6,8,0.083333333325,0.08333333580852693,0.08333333767299123,0.08666666353330434,0.06374148385531775,0.08333333456676344,0.08333333642940868,0.08333333580852693,0.08333333456676344,0.083333333325,0.0
Marlee Matlin,6,7,0.083333333325,0.08333333580852693,0.09333333433167167,0.08333333394589118,0.09078231179526479,0.07999999377864435,0.08333333642940868,0.08333333580852693,0.08333333456676344,0.083333333325,0.0
Shannon Elizabeth,6,6,0.083333333325,0.08333333580852693,0.08675438670795753,0.08333333394589118,0.08823129134647577,0.08499999751024227,0.03818768566994407,0.08333333580852693,0.08333333456676344,0.083333333325,0.0
Marissa Jaret Winokur,6,4,0.083333333325,0.08333333580852693,0.0977192994092971,0.08333333394589118,0.08568027089677725,0.08333333456676344,0.09171520992529503,0.09895130986490547,0.07924241802007671,0.083333333325,0.0
Jason Taylor,6,2,0.083333333325,0.08333333580852693,0.08894736924677026,0.08333333394589118,0.08333333580852693,0.08499999751024227,0.0868608408773263,0.09520599144911261,0.08651514902732067,0.083333333325,0.0
Kristi Yamaguchi,6,1,0.083333333325,0.08333333580852693,0.08333333767299123,0.08333333394589118,0.08333333580852693,0.08333333456676344,0.08847896389089055,0.08958801383088032,0.08333333456676344,0.083333333325,0.0
Monica Seles,6,11,0.083333333325,0.06667962414028732,0.08333333767299123,0.08333333394589118,0.08333333580852693,0.08333333456676344,0.08333333642940868,0.08333333580852693,0.08333333456676344,0.083333333325,0.0
Penn Jillette,6,12,0.083333333325,0.08944228159862827,0.08333333767299123,0.08333333394589118,0.08333333580852693,0.08333333456676344,0.08333333642940868,0.08333333580852693,0.08333333456676344,0.083333333325,0.0
Adam Carolla,6,9,0.083333333325,0.08555123095138373,0.09333333433167167,0.07999999690778367,0.08333333580852693,0.08333333456676344,0.08333333642940868,0.08333333580852693,0.08333333456676344,0.083333333325,0.0
Mario,6,5,0.083333333325,0.08333333580852693,0.09333333433167167,0.08333333394589118,0.08333333580852693,0.08333333456676344,0.09333333294613523,0.04707863867304952,0.08333333456676344,0.083333333325,0.0
Ted McGinley,7,12,0.04022474499481318,0.07692308092779562,0.07692307691538464,0.07692307920788853,0.07692307920815089,0.07692307691538464,0.07692307920675166,0.07692307806176775,0.07692307806162782,0.07692307691538464,0.0
Cloris Leachman,7,7,0.08222047776714234,0.09144796463970413,0.07692307691538464,0.07707085873626716,0.08948717825024873,0.07692307691538464,0.07692307920675166,0.07692307806176775,0.07692307806162782,0.07692307691538464,0.0
Susan Lucci,7,6,0.08055988873727776,0.07787330348245738,0.07692307691538464,0.07692307920788853,0.08692307564287742,0.07692307691538464,0.02671898186515564,0.07692307806176775,0.07692307806162782,0.07692307691538464,0.0
Cody Linley,7,4,0.07923141750835262,0.07787330348245738,0.07692307691538464,0.07692307920788853,0.07692307920815089,0.07692307691538464,0.09372579684608816,0.08692307435212114,0.07184844373893483,0.07692307691538464,0.0
Misty May-Treanor,7,10,0.0788992996994682,0.07787330348245738,0.07692307691538464,0.07692307920788853,0.07692307920815089,0.07692307691538464,0.07692307920675166,0.07692307806176775,0.07692307806162782,0.07692307691538464,0.0
Maurice Greene,7,5,0.07989565313016335,0.08239819053608563,0.07692307691538464,0.08199696719023465,0.07692307920815089,0.07692307691538464,0.08352171504688574,0.06084463921277197,0.07692307806162782,0.07692307691538464,0.0
Warren Sapp,7,2,0.07856718191184417,0.07692308092779562,0.07692307691538464,0.07707085873626716,0.07923076782803946,0.07692307691538464,0.09712715744097165,0.07692307806176775,0.0794603877723936,0.07692307691538464,0.0
Jeffrey Ross,7,13,0.08493505240130311,0.07692308092779562,0.07692307691538464,0.07692307920788853,0.07692307920815089,0.07692307691538464,0.07692307920675166,0.07692307806176775,0.07692307806162782,0.07692307691538464,0.0
Toni Braxton,7,8,0.0779029462848777,0.07692308092779562,0.07692307691538464,0.07707085873626716,0.03948716626337881,0.07692307691538464,0.07692307920675166,0.07692307806176775,0.07692307806162782,0.07692307691538464,0.0
Lance Bass,7,3,0.07856718189765416,0.08013574700927151,0.07692307691538464,0.07692307920788853,0.08948717825024873,0.07692307691538464,0.08352171504688574,0.08300150571742969,0.07692307806162782,0.07692307691538464,0.0
Kim Kardashian,7,11,0.0805598887250375,0.03859726151569865,0.07692307691538464,0.07692307920788853,0.07692307920815089,0.07692307691538464,0.07692307920675166,0.07692307806176775,0.07692307806162782,0.07692307691538464,0.0
Rocco DiSpirito,7,9,0.08122412435227438,0.08918552111289002,0.07692307691538464,0.07140582283785583,0.07692307920815089,0.07692307691538464,0.07692307920675166,0.07692307806176775,0.07692307806162782,0.07692307691538464,0.0
Brooke Burke,7,1,0.07721214249080498,0.07692308092779562,0.07692307691538464,0.07692307920788853,0.07692307920815089,0.07692307691538464,0.07692307920675166,0.07692307806176775,0.0794603877723936,0.07692307691538464,0.0
Gilles Marini,8,2,0.07692308035453407,0.07692307882605547,0.07692307920843074,0.07692307806162782,0.07692308092667625,0.07692307748850623,0.07692307748850623,0.08051281973057375,0.07943243882490585,0.07692307691538464,0.07692307691538464
Denise Richards,8,12,0.07869262400856218,0.07853304564841114,0.03298605571236579,0.07692307806162782,0.07692308092667625,0.07692307748850623,0.07692307748850623,0.07692307978127251,0.0769230792075912,0.07692307691538464,0.07692307691538464
David Alan Grier,8,9,0.07692308035453407,0.08133299031639966,0.07692307920843074,0.07692307806162782,0.01882781451062656,0.07692307748850623,0.07692307748850623,0.07692307978127251,0.0769230792075912,0.07692307691538464,0.07692307691538464
Lawrence Taylor,8,7,0.08280785047433577,0.07923303181338143,0.07904905977444994,0.07692307806162782,0.09168498253623389,0.07692307748850623,0.0751648320158391,0.07692307978127251,0.0769230792075912,0.07692307691538464,0.07692307691538464
Ty Murray,8,4,0.047787254624532184,0.07923303180182892,0.07692307920843074,0.07692307806162782,0.08930403006075892,0.08154672964863761,0.0786813155105927,0.08532051214657485,0.09815903091163657,0.07692307691538464,0.07692307691538464
Shawn Johnson,8,1,0.07692308035453407,0.07692307882616915,0.07692307920843074,0.07692307806162782,0.07739926769793594,0.07692307748850623,0.07692307748850623,0.08532051214657485,0.07943243882490585,0.07692307691538464,0.07692307691538464
Steve Wozniak,8,10,0.08898069017208665,0.08133299030118865,0.0987340994584055,0.0713858805214386,0.07692308092667625,0.07692307748850623,0.07692307748850623,0.07692307978127251,0.0769230792075912,0.07692307691538464,0.07692307691538464
Belinda Carlisle,8,13,0.08075023724235847,0.04913361547772748,0.07692307920843074,0.07692307806162782,0.07692308092667625,0.07692307748850623,0.07692307748850623,0.07692307978127251,0.0769230792075912,0.07692307691538464,0.07692307691538464
Chuck Wicks,8,6,0.07692308035453407,0.0792330318136088,0.07692307920843074,0.07692307806162782,0.08454212511708492,0.07692307748850623,0.07692307748850623,0.036538444828396834,0.0769230792075912,0.07692307691538464,0.07692307691538464
Lil' Kim,8,5,0.07692308035453407,0.07713307328800058,0.07692307920843074,0.07692307806162782,0.07739926769793594,0.07692307748850623,0.07692307748850623,0.07891025558948139,0.05003167806522759,0.07692307691538464,0.07692307691538464
Steve-O,8,8,0.08075023724235847,0.08343294882502417,0.08889157961278973,0.08072472723365007,0.09644688747990789,0.07229941787779418,0.07692307748850623,0.07692307978127251,0.0769230792075912,0.07692307691538464,0.07692307691538464
Holly Madison,8,11,0.07869262400856218,0.08063300413592524,0.08495457167454343,0.07865861152863336,0.07692308092667625,0.07692307748850623,0.07692307748850623,0.07692307978127251,0.0769230792075912,0.07692307691538464,0.07692307691538464
Melissa Rycroft,8,3,0.07692308035453407,0.0769230788262792,0.07692307920843074,0.07692307806162782,0.07978022016613497,0.07692307748850623,0.07692307748850623,0.094935896989491,0.07755977961259479,0.07692307691538464,0.07692307691538464
Ashley Hamiliton,9,16,0.008214640475151174,0.06196779594902237,0.06223586156502805,0.06250000139073389,0.06250000325406131,0.06250000139027914,0.06250000092505838,0.06250000139050652,0.06250000139073389,0.06249999999375,0.0
Debi Mazar,9,12,0.06880528180606056,0.0668240439539836,0.0,0.06250000139073389,0.06250000325406131,0.06250000139027914,0.06250000092505838,0.06250000139050652,0.06250000139073389,0.06249999999375,0.0
Melissa Joan Hart,9,9,0.06634221778125773,0.07019644097126002,0.06833400730305407,0.06250000139073389,0.07043388413408048,0.03057671404786797,0.06250000092505838,0.06250000139050652,0.06250000139073389,0.06249999999375,0.0
Mark Dacascos,9,6,0.06250000418629349,0.0668240439539836,0.07026380143230782,0.06250000139073389,0.06423553678663704,0.06250000139027914,0.056745007711504925,0.06250000139050652,0.06250000139073389,0.06249999999375,0.0
Chuck Liddell,9,11,0.06880528180606056,0.07019644097126002,0.07219359556156157,0.03043387420868048,0.06250000325406131,0.06250000139027914,0.06250000092505838,0.06250000139050652,0.06250000139073389,0.06249999999375,0.0
Natalie Coughlin,9,10,0.0626478680443307,0.0668240439539836,0.06223586156502805,0.06250000139073389,0.013161132258199705,0.06250000139027914,0.06250000092505838,0.06250000139050652,0.06250000139073389,0.06249999999375,0.0
Louie Vito,9,8,0.0626478680443307,0.07019644097126002,0.06640421317380031,0.07456611348255911,0.0724999999201996,0.07249980544708112,0.06250000092505838,0.06250000139050652,0.06250000139073389,0.06249999999375,0.0
Michael Irvin,9,7,0.07249987784872179,0.0685102424662288,0.07798297794932284,0.07456611348255911,0.07456611570268075,0.07634635725530728,0.06680199150796354,0.06250000139050652,0.06250000139073389,0.06249999999375,0.0
Joanna Krupa,9,4,0.06250000418629349,0.0685102424662288,0.06223586156502805,0.06250000139073389,0.06836776835523731,0.06250000139027914,0.06250000092505838,0.06868320383324786,0.02624824965688119,0.06249999999375,0.0
Kathy Ireland,9,14,0.07126846898736847,0.0,0.06223586156502805,0.06250000139073389,0.06250000325406131,0.06250000139027914,0.06250000092505838,0.06250000139050652,0.06250000139073389,0.06249999999375,0.0
Tom DeLay,9,13,0.07126846898736847,0.07188263947629121,0.07605318382006908,0.06250000139073389,0.06250000325406131,0.06250000139027914,0.06250000092505838,0.06250000139050652,0.06250000139073389,0.06249999999375,0.0
Macy Gray,9,15,0.07250000100158888,0.06196779594902237,0.06223586156502805,0.06250000139073389,0.06250000325406131,0.06250000139027914,0.06250000092505838,0.06250000139050652,0.06250000139073389,0.06249999999375,0.0
Aaron Carter,9,5,0.06250000418629349,0.06196779594902237,0.06447441904454655,0.07043388203739456,0.06836776835523731,0.06250000139027914,0.06250000092505838,0.03822518082095147,0.06250000139073389,0.06249999999375,0.0
Mya,9,2,0.06250000418629349,0.06196779594902237,0.06223586156502805,0.06250000139073389,0.06250000325406131,0.06250000139027914,0.06395298865477261,0.06250000139050652,0.06312543419461747,0.06249999999375,0.0
Donny Osmond,9,1,0.06250000418629349,0.06196779594902237,0.06447441904454655,0.06250000139073389,0.06250000325406131,0.06250000139027914,0.06250000092505838,0.0724999977632783,0.08343784794993098,0.06249999999375,0.0
Kelly Osbourne,9,3,0.06250000418629349,0.07019644097126002,0.06640421318104552,0.06250000139073389,0.06836776835523731,0.07057710646639384,0.06250000092505838,0.0705916007964441,0.07718845140976362,0.06249999999375,0.0
Aiden Turner,10,9,0.0909090909,0.09564260669253488,0.09090909157734618,0.06842929397676438,0.09090909225464845,0.09090909225473372,0.09090909428629694,0.09090909157736685,0.0909090915773268,0.0909090909,0.0
Shannen Doherty,10,11,0.0909090909,0.048896774820898124,0.09090909157734618,0.09090909360897138,0.09090909225464845,0.09090909225473372,0.09090909428629694,0.09090909157736685,0.0909090915773268,0.0909090909,0.0
Niecy Nash,10,5,0.0909090909,0.09397921823296197,0.09090909157734618,0.09686596329726697,0.092238568299826,0.09851697526369861,0.10412452495978561,0.08486165705924185,0.0909090915773268,0.0909090909,0.0
Buzz Aldrin,10,10,0.0909090909,0.10146446628992972,0.08583519625769802,0.09090909360897138,0.09090909225464845,0.09090909225473372,0.09090909428629694,0.09090909157736685,0.0909090915773268,0.0909090909,0.0
Chad Ochocinco,10,4,0.0909090909,0.09813768939368488,0.09090909157734618,0.09090909360897138,0.092238568299826,0.09090909225473372,0.09930137371858519,0.09695651864445644,0.08975864538128064,0.0909090909,0.0
Evan Lysacek,10,2,0.0909090909,0.09148413551603939,0.09090909157734618,0.09090909360897138,0.09090909225464845,0.09612414428034789,0.09608593955778492,0.09090909157736685,0.0909090915773268,0.0909090909,0.0
Pamela Anderson,10,6,0.0909090909,0.09314752400108055,0.09090909157734618,0.09090909360897138,0.09090909225464845,0.09090909225473372,0.0489476598792272,0.09090909157736685,0.0909090915773268,0.0909090909,0.0
Nicole Scherzinger,10,1,0.0909090909,0.09115145917363776,0.09090909157734618,0.09090909360897138,0.09090909225464845,0.09090909225473372,0.09608593955778492,0.09090909157736685,0.0909090915773268,0.0909090909,0.0
Erin Andrews,10,3,0.0909090909,0.09231582971641165,0.09090909157734618,0.09282283654737994,0.09090909225464845,0.09090909225473372,0.10090909079534735,0.09090909157736685,0.09205953032277807,0.0909090909,0.0
Kate Gosselin,10,8,0.0909090909,0.09896938362530043,0.0959829794461863,0.10225679896135768,0.08825012526316031,0.09090909225473372,0.09090909428629694,0.09090909157736685,0.0909090915773268,0.0909090909,0.0
Jake Pavelka,10,7,0.0909090909,0.09481091243829338,0.09090909157734618,0.09417054546340262,0.09090909225464845,0.0780861423180837,0.09090909428629694,0.09090909157736685,0.0909090915773268,0.0909090909,0.0
David Hasselhoff,11,12,0.046372957749455906,0.083333333325,0.08333333518779676,0.08333333518764517,0.08333333643062135,0.08317676997499165,0.08333333642880236,0.0833333339458817,0.08333333518794835,0.083333333325,0.0
Florence Henderson,11,8,0.08672540455971653,0.083333333325,0.08880844463193657,0.08355679515145659,0.04432232786774951,0.08317676997499165,0.08333333642880236,0.0833333339458817,0.08333333518794835,0.083333333325,0.0
Kyle Massey,11,2,0.08333333767026274,0.083333333325,0.08333333518779676,0.08333333518764517,0.09608058575335872,0.09070719949697786,0.0957314145327872,0.0833333339458817,0.09114034907466607,0.083333333325,0.0
Jennifer Grey,11,1,0.08333333767026274,0.083333333325,0.08333333518779676,0.08333333518764517,0.08333333643062135,0.09193355424182886,0.08853716975624212,0.0833333339458817,0.08675438412438585,0.083333333325,0.0
Rick Fox,11,6,0.08333333767026274,0.083333333325,0.08333333518779676,0.08333333518764517,0.08509157450079366,0.09070707685527092,0.03693043900636737,0.0833333339458817,0.08333333518794835,0.083333333325,0.0
Kurt Warner,11,5,0.08452276130598763,0.083333333325,0.08333333518779676,0.08495344320839962,0.08509157450079366,0.10052275235771095,0.09213429214815265,0.0714465378412523,0.08333333518794835,0.083333333325,0.0
Margaret Cho,11,10,0.09333333433181717,0.083333333325,0.06464554104336628,0.08333333518764517,0.08333333643062135,0.08317677001864018,0.08333333642880236,0.0833333339458817,0.08333333518794835,0.083333333325,0.0
Michael Bolton,11,11,0.09113069107445029,0.083333333325,0.08333333518779676,0.08333333518764517,0.08333333643062135,0.08317677001864018,0.08333333642880236,0.0833333339458817,0.08333333518794835,0.083333333325,0.0
Brandy,11,4,0.08333333767026274,0.083333333325,0.08333333518779676,0.08333333518764517,0.08333333643062135,0.08334833511307871,0.08853716975624212,0.0833333339458817,0.05333332374881351,0.083333333325,0.0
The Situation,11,9,0.09333333433181717,0.083333333325,0.08880844463193657,0.07707634071692389,0.08333333643062135,0.08317676997499165,0.08333333642880236,0.0833333339458817,0.08333333518794835,0.083333333325,0.0
Audrina Patridge,11,7,0.08452276130598763,0.083333333325,0.08333333518779676,0.08333333518764517,0.08783882731393493,0.0337369549067314,0.08333333642880236,0.0833333339458817,0.08333333518794835,0.083333333325,0.0
Bristol Palin,11,3,0.08672540455971653,0.083333333325,0.09107088809038631,0.0877467393220583,0.10157509137964126,0.0931602769671621,0.0981294961273942,0.09522012259993046,0.10210526144854765,0.083333333325,0.0
Ralph Macchio,12,4,0.0909090909,0.09164983268524925,0.0909090909,0.09120035406242764,0.10090908929495557,0.09535353297931327,0.09427779090891167,0.11244755176961013,0.0909090909,0.0909090909,0.0
Chelsea Kane,12,3,0.0909090909,0.098594277396037,0.0909090909,0.09090909564094808,0.09090909293131512,0.0909090922546717,0.09693031086290518,0.09513985918465759,0.0909090909,0.0909090909,0.0
Kirstie Alley,12,2,0.0909090909,0.09396464759005782,0.0909090909,0.09848190774259294,0.09833176968568155,0.0909090922546717,0.1022353507745302,0.09898601308838263,0.0909090909,0.0909090909,0.0
Hines Ward,12,1,0.0909090909,0.0909090956426017,0.0909090909,0.09120035406242764,0.09090909293131512,0.0909090922546717,0.09427779090527369,0.0970629361401581,0.0909090909,0.0909090909,0.0
Sugar Ray Leonard,12,9,0.0909090909,0.10090909230084559,0.0909090909,0.050035281582918555,0.09090909293131512,0.0909090922546717,0.09090909428662766,0.0909090936093021,0.0909090909,0.0909090909,0.0
Chris Jericho,12,7,0.0909090909,0.0909090956426017,0.0909090909,0.09605472318253784,0.09090909293131512,0.08479797368523563,0.09090909428662766,0.0909090936093021,0.0909090909,0.0909090909,0.0
Petra Nemcova,12,8,0.0909090909,0.098594277396037,0.0909090909,0.09605472318253784,0.06348640110520141,0.0909090922546717,0.09090909428662766,0.0909090936093021,0.0909090909,0.0909090909,0.0
Mike Catherwood,12,11,0.0909090909,0.04637203080825611,0.0909090909,0.09090909564094808,0.09090909293131512,0.0909090922546717,0.09090909428662766,0.0909090936093021,0.0909090909,0.0909090909,0.0
Romeo,12,5,0.0909090909,0.0909090956426017,0.0909090909,0.09605472318253784,0.09090909293131512,0.0909090922546717,0.1022353507745302,0.05090907806137879,0.0909090909,0.0909090909,0.0
Wendy Williams,12,10,0.0909090909,0.10090909230084559,0.0909090909,0.09090909564094808,0.09090909293131512,0.0909090922546717,0.09090909428662766,0.0909090936093021,0.0909090909,0.0909090909,0.0
Kendra Wilkinson,12,6,0.0909090909,0.09627946249486641,0.0909090909,0.10819064597917537,0.10090908929495557,0.0925757551980774,0.05549793424071062,0.0909090936093021,0.0909090909,0.0909090909,0.0
Elisabetta Canalis,13,11,0.09102918609919032,0.05089198865852675,0.08354381790548339,0.08333333704968413,0.08333333456672554,0.08333333456676344,0.08333333580913325,0.083333333325,0.083333333325,0.083333333325,0.0
David Arquette,13,6,0.08411674348790897,0.08726696288600251,0.08704451793428115,0.08854864449221374,0.08333333456672554,0.08333333456676344,0.05186574360482924,0.083333333325,0.083333333325,0.083333333325,0.0
Ricki Lake,13,3,0.08333333705013887,0.08542244923321447,0.08482888417127146,0.08333333704968413,0.08333333456672554,0.08333333456676344,0.08333333580913325,0.083333333325,0.083333333325,0.083333333325,0.0
J.R. Martinez,13,1,0.08333333705013887,0.08579135193060662,0.08556742880290913,0.08333333704968413,0.08333333456672554,0.08333333456676344,0.0916268475764456,0.083333333325,0.083333333325,0.083333333325,0.0
Metta World Peace (Ron),13,12,0.05789552588982658,0.08451494909171464,0.08354381790570953,0.08333333704968413,0.08333333456672554,0.08333333456676344,0.08333333580913325,0.083333333325,0.083333333325,0.083333333325,0.0
Hope Solo,13,4,0.08333333705013887,0.08689806015562533,0.08704451793450729,0.08615629992175501,0.08333333456672554,0.09032128265763113,0.08821387823463231,0.083333333325,0.083333333325,0.083333333325,0.0
Chynna Phillips,13,9,0.08333333705013887,0.08616025469343318,0.08556742880268298,0.04007972483872722,0.08333333456672554,0.08333333456676344,0.08333333580913325,0.083333333325,0.083333333325,0.083333333325,0.0
Kristin Cavallari,13,10,0.08333333705013887,0.08579135196695475,0.04729606872130663,0.08333333704968413,0.08333333456672554,0.08333333456676344,0.08333333580913325,0.083333333325,0.083333333325,0.083333333325,0.0
Carson Kressley,13,8,0.08642089102439643,0.08726696288600251,0.08778306254016553,0.09572567820722788,0.07663119944829448,0.08333333456676344,0.08333333580913325,0.083333333325,0.083333333325,0.083333333325,0.0
Chaz Bono,13,7,0.08642089102439643,0.08767515903263298,0.09147578550723763,0.09333333363676917,0.0880141819113048,0.07538151987698087,0.08333333580913325,0.083333333325,0.083333333325,0.083333333325,0.0
Nancy Grace,13,5,0.08872503856270286,0.08616025468327956,0.0892601517403285,0.09333333363313118,0.08535460743987065,0.08333333456676344,0.09845278625279624,0.083333333325,0.083333333325,0.083333333325,0.0
Rob Kardashian,13,2,0.08872503856088387,0.08616025468327956,0.08704451793466607,0.08615629992175501,0.08333333456672554,0.08429718626451688,0.08650739356736363,0.083333333325,0.083333333325,0.083333333325,0.0
William Levy,14,3,0.083333333325,0.0833333364293329,0.0849171370652344,0.09118741082151031,0.08333333456672554,0.08333333394588645,0.09060853790963368,0.08686639217914272,0.09550724460925027,0.083333333325,0.0
Jack Wagner,14,11,0.083333333325,0.0858983885264464,0.04373825705741155,0.08333333705029046,0.08333333456672554,0.08333333394588645,0.08333333704998729,0.08333333486268397,0.08333333518764517,0.083333333325,0.0
Sherri Sheperd,14,10,0.083333333325,0.0833333364293329,0.08887664297139272,0.038354772528147674,0.08333333456672554,0.08333333394588645,0.08333333704998729,0.08333333486268397,0.08333333518764517,0.083333333325,0.0
Jaleel White,14,7,0.083333333325,0.084039652423901,0.08788676649485315,0.09118741082151031,0.08333333456672554,0.08333333394588645,0.0369572914611483,0.08333333486268397,0.08333333518764517,0.083333333325,0.0
Roshon Fegan,14,6,0.083333333325,0.0833333364293329,0.08788676649485315,0.08333333705029046,0.08333333456672554,0.08558175878768282,0.09197093577337119,0.056710248781211864,0.08333333518764517,0.083333333325,0.0
Melissa Gilbert,14,5,0.083333333325,0.08775712462990129,0.08887664296735943,0.0911874108251483,0.08886904513415322,0.08333333394588645,0.09878292508842079,0.09072228322004279,0.08333333518764517,0.083333333325,0.0
Martina Navratilova,14,12,0.083333333325,0.06679056648304166,0.08333333676539438,0.08333333705029046,0.08333333456672554,0.08333333394588645,0.08333333704998729,0.08333333484963044,0.08333333518764517,0.083333333325,0.0
Donald Driver,14,1,0.083333333325,0.0833333364293329,0.08689689001831356,0.08333333705029046,0.08333333456672554,0.08333333394588645,0.09060853790963368,0.08814186467746088,0.09768115767769227,0.083333333325,0.0
Gavin DeGraw,14,9,0.083333333325,0.0858983885273559,0.08887664296735943,0.08904148800921034,0.0744940413909324,0.08333333394588645,0.08333333704998729,0.08333333486268397,0.08333333518764517,0.083333333325,0.0
Gladys Knight,14,8,0.083333333325,0.08961586073335619,0.08887664297139272,0.09547925644974821,0.08663690227438431,0.08108490165345256,0.08333333704998729,0.08333333486268397,0.08333333518764517,0.083333333325,0.0
Katherine Jenkins,14,2,0.083333333325,0.0833333364293329,0.08392726058869482,0.0868955651932724,0.08333333456672554,0.08333333394588645,0.08924614004589616,0.08814186469051712,0.09985507073885833,0.083333333325,0.0
Maria Menounos,14,4,0.083333333325,0.0833333364293329,0.0859070135377407,0.08333333705029046,0.08333333456672554,0.08333333394588645,0.08515894646195957,0.08941733718857306,0.04028984537303754,0.083333333325,0.0
Gilles Marini,15,6,0.07692308264660092,0.07857408593303479,0.0793589405485509,0.07692308035439414,0.07692307691538464,0.0810194248911494,0.07692307691538464,0.04680727747093587,0.07692307920731137,0.07692307691538464,0.0
Sabrina Bryan,15,8,0.07697732847266853,0.07836184592727971,0.0793589405485509,0.0814798419345304,0.07692307691538464,0.04664678859882948,0.07692307691538464,0.07692307844797888,0.07692307920731137,0.07692307691538464,0.0
Kirstie Alley,15,7,0.08330644278172354,0.0804842458413308,0.07975242768309738,0.09003349694174957,0.07692307691538464,0.0810194248547838,0.07692307691538464,0.08485679054517097,0.07692307920731137,0.07692307691538464,0.0
Kelly Monaco,15,3,0.07878564684642439,0.08005976585081799,0.07896545340715065,0.07836942193091306,0.07692307691538464,0.08126398306475423,0.07692307691538464,0.08193562628936049,0.09224223602056737,0.07692307691538464,0.0
Apolo Anton Ohno,15,5,0.07788148765954646,0.07899856589787123,0.0793589405485509,0.08303505193452007,0.07692307691538464,0.07979663400729421,0.07692307691538464,0.08097540287397406,0.029634750051707105,0.07692307691538464,0.0
Emmitt Smith,15,4,0.07692308264660092,0.07984752588058636,0.07949010294671649,0.08070223693089758,0.07692307691538464,0.08150854123923161,0.07692307691538464,0.08120142750155991,0.09263585388831516,0.07692307691538464,0.0
Shawn Johnson,15,2,0.07788148765954646,0.07878632589509708,0.07909661578879537,0.07692308035439414,0.07692307691538464,0.08077486670762093,0.07692307691538464,0.08244400381667437,0.08377058663320912,0.07692307691538464,0.0
Pamela Anderson,15,13,0.05106409264480258,0.07750439722425226,0.07790041535835888,0.07692308035439414,0.07692307691538464,0.07758582884927162,0.07692307691538464,0.07692307844770631,0.07692307920731137,0.07692307691538464,0.0
Helio Castroneves,15,10,0.07878564684642439,0.07963528588276754,0.049953951789965534,0.07692308035439414,0.07692307691538464,0.07758582888574996,0.07692307691538464,0.07692307844770631,0.07692307920731137,0.07692307691538464,0.0
Joey Fatone,15,12,0.08059396522018025,0.04671969803264522,0.07790041535733876,0.07692308035439414,0.07692307691538464,0.07758582888574996,0.07692307691538464,0.07692307844770631,0.07692307920731137,0.07692307691538464,0.0
Drew Lachey,15,11,0.07878564684642439,0.0798475258448374,0.07975242768321003,0.07692308035439414,0.07692307691538464,0.07758582888574996,0.07692307691538464,0.07692307844770631,0.07692307920731137,0.07692307691538464,0.0
Bristol Palin,15,9,0.08240228359484561,0.08175768579642019,0.08014591486006861,0.045694441166478826,0.07692307691538464,0.07758582888574996,0.07692307691538464,0.07692307844770631,0.07692307920731137,0.07692307691538464,0.0
Melissa Rycroft,15,1,0.07968980603421182,0.07942304589390055,0.07896545338056768,0.07914702693454588,0.07692307691538464,0.08004119214495413,0.07692307691538464,0.08024100071581157,0.08633193964771063,0.07692307691538464,0.0
Ingo Rademacher,16,5,0.08727706590898467,0.083333333325,0.08333333456676344,0.08333333580898168,0.08615629799394078,0.0853757724348498,0.083333333325,0.083333333325,0.0804255288200969,0.08333333518734201,0.0
Zendaya,16,2,0.08511491053316017,0.083333333325,0.08333333456676344,0.08333333580898168,0.08333333518764517,0.08333333580841325,0.083333333325,0.083333333325,0.0862411316209911,0.08905982358595801,0.0
Dorothy Hamill,16,12,0.08673652710172254,0.083333333325,0.08333333456676344,0.08333333580898168,0.08333333518764517,0.08333333580841325,0.083333333325,0.083333333325,0.08333333394589118,0.08333333518734201,0.0
Victor Ortiz,16,8,0.08835814363895467,0.083333333325,0.08333333456676344,0.09333333224376278,0.08615629799394078,0.06985851962914172,0.083333333325,0.083333333325,0.08333333394589118,0.08333333518734201,0.0
Alexandra Raisman,16,4,0.033465808628459014,0.083333333325,0.08333333456676344,0.08333333580898168,0.08333333518764517,0.08333333580841325,0.083333333325,0.083333333325,0.08333333394589118,0.05760640436367096,0.0
Jacoby Jones,16,3,0.08727706592831493,0.083333333325,0.08333333456676344,0.08333333580898168,0.08333333518764517,0.08670203240287767,0.083333333325,0.083333333325,0.08333333394589118,0.09760726686567674,0.0
D. L. Hughley,16,9,0.09160137670639955,0.083333333325,0.09120566765561972,0.08663690356501354,0.06768739086138104,0.08333333580841325,0.083333333325,0.083333333325,0.08333333394589118,0.08333333518734201,0.0
Andy Dick,16,7,0.08889868247218059,0.083333333325,0.08695034125757313,0.08663690356501354,0.09333333154957578,0.0893545523398429,0.083333333325,0.083333333325,0.08333333394589118,0.08333333518734201,0.0
Wynonna Judd,16,11,0.08835814360694584,0.083333333325,0.07184397988593604,0.08333333580898168,0.08333333518764517,0.08333333580841325,0.083333333325,0.083333333325,0.08333333394589118,0.08333333518734201,0.0
Kellie Pickler,16,1,0.08673652701834685,0.083333333325,0.08333333456676344,0.08333333580898168,0.08333333518764517,0.08333333580841325,0.083333333325,0.083333333325,0.08333333394589118,0.08905982358595801,0.0
Lisa Vanderpump,16,10,0.08835814361157211,0.083333333325,0.08333333456676344,0.061190463404801984,0.08333333518764517,0.08333333580841325,0.083333333325,0.083333333325,0.08333333394589118,0.08333333518734201,0.0
Sean Lowe,16,6,0.08781760474912022,0.083333333325,0.08333333456676344,0.08886904645853627,0.08333333518764517,0.08537577243439505,0.083333333325,0.083333333325,0.08333333394589118,0.08333333518734201,0.0
Valerie Harper,17,10,0.08695754631966018,0.09145363365069145,0.09333333015880074,0.07599155495496043,0.0840228129744113,0.083333333325,0.08333333501178788,0.08333333705029046,0.08333333490778556,0.08333333456676344,0.083333333325
Brant Daugherty,17,7,0.08631542460550169,0.08393483647793848,0.0833333339458817,0.08700421692199896,0.08717176250202441,0.083333333325,0.08590280465839771,0.031145813086029903,0.08333333490778556,0.08333333456676344,0.083333333325
Elizabeth Berkley Lauren,17,6,0.08503118120871699,0.08333333642940868,0.0833333339458817,0.08333333456678238,0.08772420996417392,0.083333333325,0.0872182335331592,0.09854166712955573,0.037649806469538645,0.08333333456676344,0.083333333325
Leah Remini,17,5,0.04547040893881914,0.08333333642940868,0.0833333339458817,0.08333333456678238,0.09052468793684314,0.083333333325,0.08765670982740735,0.09072916688659238,0.09054145127084147,0.06476189852004366,0.083333333325
Corbin Bleu,17,2,0.08503118120852919,0.08333333642940868,0.0833333339458817,0.08333333456678238,0.08661931505389191,0.083333333325,0.0850258520656541,0.0855208333912835,0.08706765927012869,0.08333333456676344,0.083333333325
Amber Riley,17,1,0.08366988442887527,0.08333333642940868,0.0833333339458817,0.08333333456678238,0.0877242099641739,0.083333333325,0.08502585206565409,0.09072916688659238,0.09314679528546074,0.08333333456676344,0.083333333325
Keyshawn Johnson,17,12,0.0895260331316031,0.05213030954512661,0.0833333339458817,0.08333333456678238,0.0840228129744113,0.083333333325,0.08333333501178788,0.08333333705029046,0.08333333490778556,0.08333333456676344,0.083333333325
Bill Engvall,17,4,0.08888391141726991,0.08769423506067699,0.0833333339458817,0.08700421692199896,0.08882910487491903,0.083333333325,0.0889721387109477,0.10114583387721017,0.10105282686781351,0.10047618800490116,0.083333333325
Christina Milian,17,9,0.08631542460492692,0.08333333642940868,0.0833333339458817,0.08333333456678238,0.04499474570387825,0.083333333325,0.08333333501178788,0.08333333705029046,0.08333333490948557,0.08333333456676344,0.083333333325
"Nicole ""Snooki"" Polizzi",17,8,0.08567330290153966,0.08957393435568421,0.0833333339458817,0.08333333456678238,0.08717176248212123,0.083333333325,0.06096226432766829,0.08333333705029046,0.08333333490948557,0.08333333456676344,0.083333333325
Jack Osbourne,17,3,0.08567330290153964,0.08333333642940868,0.0833333339458817,0.08333333456678238,0.08717176249562693,0.083333333325,0.08590280466389769,0.0855208333912835,0.09054145128439699,0.08476190227418408,0.083333333325
Bill Nye,17,11,0.09145239823392018,0.09521303223342996,0.07333333028238201,0.08333333456678238,0.08402281297491823,0.083333333325,0.08333333501185029,0.08333333705029046,0.08333333490948557,0.08333333456676344,0.083333333325
Billy Dee Williams,18,10,0.09102063205678088,0.09357348224069739,0.083333333325,0.083333333325,0.08333333829266035,0.08333333642940868,0.08333333642956027,0.08333333643062135,0.08333333580822376,0.08333333518764517,0.0
Danica McKellar,18,6,0.08499307468421353,0.0851027717654324,0.083333333325,0.083333333325,0.08556935951484547,0.08624113419199098,0.08740447904537367,0.02890853775089868,0.08333333580822376,0.08333333518764517,0.0
James Maslow,18,4,0.049166992323399404,0.0841615817161841,0.083333333325,0.083333333325,0.08401656441121917,0.08801418387865349,0.08938076367648298,0.09775811180450322,0.09333333224269563,0.04751819389721615,0.0
Candace Cameron Bure,18,3,0.08432358772957646,0.08792634191721029,0.083333333325,0.083333333325,0.09178053992207474,0.093333332938641,0.08542819441335485,0.09775811180450322,0.0985689344221816,0.10641562952910837,0.0
Sean Avery,18,11,0.08767102248373654,0.049638715133075245,0.083333333325,0.083333333325,0.08333333829266035,0.08333333642940868,0.08333333642956027,0.08333333643062135,0.08333333580822376,0.08333333518764517,0.0
Diana Nyad,18,12,0.08900999635913161,0.08333333616985673,0.083333333325,0.083333333325,0.08333333829266035,0.08333333642940868,0.08333333642956027,0.08333333643062135,0.08333333580822376,0.08333333518764517,0.0
Charlie White,18,5,0.08349342523634594,0.0841615817161841,0.083333333325,0.083333333325,0.08867494972209809,0.08624113419199098,0.08839262136092833,0.08890855407593169,0.04595112135411796,0.08333333518764517,0.0
Amy Purdy,18,2,0.08499307468421353,0.08510277176538425,0.083333333325,0.083333333325,0.08867494972209809,0.08333333642940868,0.08444005209780019,0.08890855407593169,0.09071553115659063,0.09042663871933763,0.0
Meryl Davis,18,1,0.08499307468390609,0.08416158171660183,0.083333333325,0.083333333325,0.09022774481844843,0.08333333642940868,0.08333333642956027,0.09775811180450322,0.08809773006684765,0.08897285625317625,0.0
Drew Carey,18,8,0.08700153554122228,0.08792634194164868,0.083333333325,0.083333333325,0.10265010564018294,0.05460991287029275,0.08333333642956027,0.08333333643062135,0.08333333580822376,0.08333333518764517,0.0
Cody Simpson,18,9,0.08633204857661597,0.08698515187607639,0.083333333325,0.083333333325,0.028178026445327426,0.08333333642940868,0.08333333642956027,0.08333333643062135,0.08333333580822376,0.08333333518764517,0.0
NeNe Leakes,18,7,0.08700153554122228,0.08792634194164868,0.083333333325,0.083333333325,0.0902277448257244,0.0915602832519785,0.06495387072869818,0.08333333643062135,0.08333333580822376,0.08333333518764517,0.0
Antonio Sabato Jr.,19,8,0.08289081874897514,0.07887847563985409,0.08267378563959661,0.08142138231275237,0.07692307691538464,0.08316537679101992,0.044331184176061106,0.07692307748850404,0.07692307978155236,0.07692307691538464,0.07692307863488936
Jonathan Bennett,19,9,0.07692308035327476,0.07933965436955451,0.07842449369074424,0.08496902087710928,0.07692307691538464,0.04968739568247605,0.07692307978043297,0.07692307748850404,0.07692307978155236,0.07692307691538464,0.07692307863488936
Lea Thompson,19,6,0.07692308035327476,0.07703376067226275,0.07984092434036169,0.07692307834297533,0.07692307691538464,0.08063300366350179,0.07692307978043297,0.07692307748850404,0.03626885458259933,0.07692307691538464,0.07692307863488936
Janel Parrish,19,3,0.07751447449723954,0.07749493941737713,0.07692308092667625,0.07692307834297533,0.07692307691538464,0.07999991037614934,0.07918613220205531,0.07692307748850404,0.07874550600305294,0.07692307691538464,0.08372541356817444
Alfonso Ribeiro,19,1,0.07692308035327476,0.07841729689156511,0.07842449369074424,0.07692307834297533,0.07692307691538464,0.07692307840106932,0.07821901419248194,0.07692307748850404,0.07874550600305294,0.07692307691538464,0.08052647281720239
Lolo Jones,19,13,0.047837035596622834,0.07692307901586114,0.07692308092667625,0.07692307834297533,0.07692307691538464,0.07692307840106932,0.07692307978043297,0.07692307748850404,0.07692307978155236,0.07692307691538464,0.07692307863488936
Randy Couture,19,11,0.07692308035327476,0.08026201187539131,0.05083240228743633,0.07692307834297533,0.07692307691538464,0.07692307840106932,0.07692307978043297,0.07692307748850404,0.07692307978155236,0.07692307691538464,0.07692307863488936
Tommy Chong,19,5,0.08020264662310735,0.08026201187539131,0.07692308092667625,0.08212424257065998,0.07692307691538464,0.08316537679113359,0.08595595827998279,0.07885855762224937,0.10210999253880568,0.07692307691538464,0.07692307863488936
Betsey Johnson,19,10,0.08961124906819212,0.08026201187539131,0.08267378563959661,0.05018104112599487,0.07692307691538464,0.07692307840072826,0.07692307978043297,0.07692307748850404,0.07692307978155236,0.07692307691538464,0.07692307863488936
Michael Waltrip,19,7,0.08289081874897514,0.08210672682899442,0.08409021628921406,0.08423282332927341,0.07692307691538464,0.08189919023752827,0.08982443032555221,0.07498758990420647,0.07692307978155236,0.07692307691538464,0.07692307863488936
Tavis Smiley,19,12,0.07751447449723954,0.05218543763806775,0.07692308092667625,0.07692307834256569,0.07692307691538464,0.07692307840072826,0.07692307978043297,0.07692307748850404,0.07692307978155236,0.07692307691538464,0.07692307863488936
Bethany Mota,19,4,0.07692308035327476,0.07795611816047317,0.07692308092667625,0.07860994128420033,0.07692307691538464,0.0781006305350246,0.07692307978043297,0.07692307748850404,0.08225017898268826,0.07692307691538464,0.060781305816102166
Sadie Robertson,19,2,0.07692308035327476,0.07887847563981595,0.07842449368892525,0.07692307834256569,0.07692307691538464,0.07873372381850192,0.08402172226083607,0.07692307748850404,0.08341840331893463,0.07692307691538464,0.08265909998451709
Suzanne Somers,20,9,0.083333333325,0.087316154358191,0.08854099989850042,0.09641025824617892,0.03273261337411172,0.08333333766965641,0.08345115264162983,0.0833333345670666,0.0833333351882515,0.083333333325,0.0
Willow Shields,20,7,0.083333333325,0.08632156646201679,0.08333333580898168,0.08333333829629833,0.0833333358079206,0.0889163730288661,0.042923556102538535,0.0833333345670666,0.0833333351882515,0.083333333325,0.0
Riker Lynch,20,2,0.083333333325,0.08632156646201679,0.08333333580898168,0.08717948858241702,0.0833333358079206,0.08626619624677531,0.08904786737170428,0.0833333345670666,0.09333333154876329,0.083333333325,0.0
Rumer Willis,20,1,0.083333333325,0.08632156646201679,0.08333333580898168,0.08564102697785334,0.0833333358079206,0.09068315755268527,0.08904786737170428,0.0833333345670666,0.09651804495276554,0.083333333325,0.0
Nastia Liukin,20,4,0.083333333325,0.08582427250034357,0.08333333580898168,0.08410256537328964,0.0833333358079206,0.0889163730288661,0.08588588079777781,0.0833333345670666,0.04377918353569114,0.083333333325,0.0
Michael Sam,20,10,0.083333333325,0.087316154358191,0.09013844401480053,0.02794869055505845,0.0833333358079206,0.08333333766965641,0.08345115264712423,0.0833333345670666,0.0833333351882515,0.083333333325,0.0
Robert Herjavec,20,6,0.083333333325,0.08731615433205994,0.08333333580898168,0.08717948858241702,0.10040047016594025,0.09421672659304768,0.09379084717934463,0.0668794263848409,0.0833333351882515,0.083333333325,0.0
Charlotte McKinney,20,11,0.083333333325,0.08781344830126774,0.06090520552682628,0.08333333829629833,0.0833333358079206,0.08333333766965641,0.08345115264712423,0.0833333345670666,0.0833333351882515,0.083333333325,0.0
Noah Galloway,20,3,0.083333333325,0.08756480131580624,0.08333333580898168,0.09025641180609631,0.09333333224279265,0.09333333433477607,0.08825737072131394,0.0921512977553988,0.09970275835676778,0.083333333325,0.0
Redfoo,20,12,0.083333333325,0.04087805645600546,0.08333333580898168,0.08333333829629833,0.0833333358079206,0.08333333766965641,0.08345115262041385,0.0833333345670666,0.0833333351882515,0.083333333325,0.0
Patti LaBelle,20,8,0.083333333325,0.08731615433223944,0.09333333224376278,0.09333333502977559,0.09510011673449349,0.03276793862540076,0.08345115262041386,0.0833333345670666,0.0833333351882515,0.083333333325,0.0
Chris Soules,20,5,0.083333333325,0.08969010456275961,0.08374866755323808,0.09794871985801856,0.09510011672721753,0.0915665498109569,0.09379084717957054,0.09096926465616069,0.0833333351882515,0.083333333325,0.0
Gary Busey,21,10,0.08302365217813665,0.08232565364676023,0.07692307691538464,0.07116036193440294,0.07692307691538464,0.07692307806162756,0.07692307807688405,0.07692307806159285,0.07699791039842542,0.07692307691538464,0.07692307863530912
Alexa PenaVega,21,6,0.08033290854418612,0.07758655192828866,0.07692307691538464,0.07692307748850623,0.07692307691538464,0.07733840980012632,0.08016871922328993,0.07919109166312938,0.03580787385290969,0.07692307691538464,0.07692307863530912
Carlos PenaVega,21,4,0.02178259512732967,0.07795109822962629,0.07692307691538464,0.07692307748850623,0.07692307691538464,0.07692307806162756,0.07983887755148034,0.07692307806159285,0.08491547519877819,0.07692307691538464,0.03844805994066469
Victor Espinoza,21,12,0.08302365217209011,0.05096736898366675,0.07692307691538464,0.07692307748850623,0.07692307691538464,0.07692307806162756,0.07692307807688405,0.07692307806159285,0.07699791039887564,0.07692307691538464,0.07692307863530912
Alek Skarlatos,21,3,0.08033290858538959,0.07795109822965196,0.07692307691538464,0.07692307748850623,0.07692307691538464,0.07733840980012632,0.08082840259909994,0.0843452313216111,0.08680360706318584,0.07692307691538464,0.09539808224947513
Chaka Khan,21,13,0.0837924360365071,0.08341929251144078,0.07692307691538464,0.07692307748850623,0.07692307691538464,0.07692307806162756,0.07692307807688405,0.07692307806159285,0.07699791039887564,0.07692307691538464,0.07692307863530912
Andy Grammer,21,7,0.08071730052721807,0.07831564452065638,0.07692307691538464,0.07692307748850623,0.07692307691538464,0.07692307806162756,0.07983887752535698,0.06723289629933137,0.07699791039887564,0.07692307691538464,0.07692307863530912
Tamar Braxton,21,5,0.07994851667011728,0.07692307919058468,0.07692307691538464,0.07692307748850623,0.07692307691538464,0.07692307806162756,0.08049856089808333,0.07692307806159285,0.08806236166548968,0.07692307691538464,0.07692307863530912
Nick Carter,21,2,0.07956412468624688,0.07795109822962629,0.07692307691538464,0.07692307748850623,0.07692307691538464,0.07692307806162756,0.08049856089819701,0.07692307806159285,0.08428609788932871,0.07692307691538464,0.08692307499603918
Hayes Grier,21,8,0.08071730052707435,0.0779510982368544,0.07692307691538464,0.07692307748850623,0.07692307691538464,0.07692307806162756,0.05453341662370361,0.07692307806159285,0.0769979103989584,0.07692307691538464,0.07692307863530912
Bindi Irwin,21,1,0.079564124688837,0.07692307917566756,0.07692307691538464,0.07692307748850623,0.07692307691538464,0.07692307806162756,0.07917919415549428,0.07692307806159285,0.0811392114394028,0.07692307691538464,0.08692307499603918
Kim Zolciak-Biermann,21,11,0.08417682798586879,0.0808674685010804,0.07692307691538464,0.07692307748850623,0.07692307691538464,0.07692307806162756,0.0769230780973212,0.07692307806159285,0.0769979103989584,0.07692307691538464,0.07692307863530912
Paula Deen,21,9,0.0830236521792625,0.08086746851609561,0.07692307691538464,0.08268578559202885,0.07692307691538464,0.07609239968347212,0.0769230780973212,0.07692307806159285,0.0769979103989584,0.07692307691538464,0.07692307863530912
Mischa Barton,22,11,0.083333333325,0.08909604204932833,0.05708858814397986,0.08333333642849919,0.083333333325,0.0833333364293708,0.08333333767299123,0.08333333466322114,0.08333333580860272,0.083333333325,0.0
Kim Fields,22,8,0.083333333325,0.0833333339458817,0.08489451480766942,0.08706374031898799,0.083333333325,0.0867254032688061,0.027352001016111273,0.08333333466322114,0.08333333580860272,0.083333333325,0.0
Jodie Sweetin,22,6,0.083333333325,0.0833333339458817,0.08333333705059362,0.09490073109746508,0.083333333325,0.08452276004512357,0.09450155867391595,0.04770258792715919,0.08333333580860272,0.083333333325,0.0
Doug Flutie,22,9,0.083333333325,0.0833333339458817,0.08911392422192825,0.09960292556309615,0.083333333325,0.07077825142710965,0.08333333767299123,0.08333333466299377,0.08333333580860272,0.083333333325,0.0
Von Miller,22,7,0.083333333325,0.0833333339458817,0.08911392422192825,0.08706374031535001,0.083333333325,0.0867254032688061,0.0933333343312351,0.08333333466299377,0.08333333580860272,0.083333333325,0.0
Antonio Brown,22,5,0.083333333325,0.0833333339458817,0.08911392422192825,0.08333333642849919,0.083333333325,0.0833333364293708,0.0933333343312351,0.09148115072268213,0.06423924394374333,0.083333333325,0.0
Paige VanZant,22,2,0.083333333325,0.0833333339458817,0.08333333705059362,0.08333333642849919,0.083333333325,0.0833333364293708,0.0898286612995546,0.09020406329156352,0.08636469101699641,0.083333333325,0.0
Geraldo Rivera,22,12,0.083333333325,0.07757061839185442,0.08333333705059362,0.08333333642849919,0.083333333325,0.0833333364293708,0.08333333767299123,0.08333333466322114,0.08333333580860272,0.083333333325,0.0
Nyle DiMarco,22,1,0.083333333325,0.0833333339458817,0.08333333705059362,0.08392894400250397,0.083333333325,0.08452276004512357,0.08866043695687374,0.08892697591433422,0.08984901163102231,0.083333333325,0.0
Ginger Zee,22,3,0.083333333325,0.0833333339458817,0.08700421951479884,0.08333333642849919,0.083333333325,0.0867254032688061,0.0898286612995546,0.08764988850851013,0.0915911719375805,0.083333333325,0.0
Wanya Morris,22,4,0.083333333325,0.0833333339458817,0.08333333705059362,0.08333333642849919,0.083333333325,0.0833333364293708,0.0898286612995546,0.0940353255570069,0.08462253071043822,0.083333333325,0.0
Marla Maples,22,10,0.083333333325,0.0833333339458817,0.08700421951479884,0.04743990003160147,0.083333333325,0.0833333364293708,0.08333333767299123,0.08333333466309299,0.08333333580860272,0.083333333325,0.0
Jake T. Austin,23,13,0.08020011523289038,0.055371763507936746,0.07692308149951806,0.07692307978099266,0.07692307691538464,0.0769230792075912,0.07692308092807547,0.07692307920843074,0.07692307978015313,0.07692307920843074,0.07692307691538464
Maureen McCormick,23,8,0.08020011523289036,0.07931345104022142,0.07923077018814753,0.07692307978099266,0.07692307691538464,0.08200504277801071,0.027794196334300386,0.07692307920843074,0.07692307978015313,0.07692307920843074,0.07692307691538464
Marilu Henner,23,6,0.07992020766707708,0.07883917063733606,0.07923077018814753,0.08117594971936293,0.07692307691538464,0.07708700991195745,0.0887379596887924,0.09438576975633874,0.05115213544013549,0.07692307920843074,0.07692307691538464
Ryan Lochte,23,7,0.08008815220657997,0.08026201186549753,0.08384615501598752,0.07926024086195643,0.07692307691538464,0.08364438706730146,0.08692307758639212,0.04438575777056021,0.07692307978015313,0.07692307920843074,0.07692307691538464
Calvin Johnson Jr.,23,3,0.07997618916632393,0.0783648902202112,0.07692308149951806,0.07734453200432256,0.07692307691538464,0.0769230792075912,0.07966354917679096,0.07697281682677037,0.08472043306755538,0.09374901432046422,0.07692307691538464
Laurie Hernandez,23,1,0.07969628159708034,0.07692307902345873,0.07692308149951806,0.07692307978099266,0.07692307691538464,0.0769230792075912,0.08420075443097269,0.07692307920843074,0.07811250339806336,0.08692307564366658,0.07692307691538464
Amber Rose,23,9,0.08008815220657996,0.08026201186549753,0.08384615501598752,0.07692307978099266,0.07692307691538464,0.05823453941469958,0.07692308092807547,0.07692307920843074,0.07692307978015313,0.07692307920843074,0.07692307691538464
Rick Perry,23,12,0.0803120782539732,0.08121057268526251,0.03538458825390983,0.07692307978099266,0.07692307691538464,0.0769230792075912,0.07692308092807547,0.07692307920843074,0.07692307978015313,0.07692307920843074,0.07692307691538464
James Hinchcliffe,23,2,0.07969628159708035,0.07789060981042592,0.0776923085800802,0.07692307978099266,0.07692307691538464,0.0769230792075912,0.07966354917679096,0.07692307920843074,0.08692307629193204,0.08862956031468498,0.07692307691538464
Babyface,23,11,0.07997618916632393,0.0774163294085461,0.08384615501598752,0.06906865483876456,0.07692307691538464,0.0769230792075912,0.07692308092807547,0.07692307920843074,0.07692307978015313,0.07692307920843074,0.07692307691538464
Vanilla Ice,23,10,0.08003217066200412,0.07931345104022142,0.08692307823576019,0.07734453200432256,0.07692307691538464,0.0769230792075912,0.07692308092807547,0.07692307920843074,0.07692307978015313,0.07692307920843074,0.07692307691538464
Jana Kramer,23,4,0.03978189622613276,0.07789060981042592,0.08230769340792018,0.07734453200432256,0.07692307691538464,0.0769230792075912,0.08420075443461067,0.07697281682677037,0.07811250339806336,0.09033604498570337,0.07692307691538464
Terra Jole,23,5,0.08003217068831513,0.07694204898495897,0.07692308149951806,0.07692307978099266,0.07692307691538464,0.08364438706730146,0.08420075443097269,0.09189820505211468,0.08251778984317872,0.024977670968035243,0.07692307691538464
Charo,24,11,0.083333333325,0.0887601634233644,0.046031729625314766,0.08333333704998729,0.08333333767117224,0.0843196242464601,0.08333333481283262,0.083333333325,0.08333333469922813,0.083333333325,0.0
Mr. T,24,10,0.083333333325,0.09333333433089556,0.09333333294104207,0.054008160413512515,0.08333333767117224,0.0843196242464601,0.08333333481283262,0.083333333325,0.08333333469922813,0.083333333325,0.0
Heather Morris,24,8,0.083333333325,0.08333333767086906,0.08333333642849919,0.08333333704998729,0.09004386051784913,0.04640598246000468,0.08333333481283262,0.083333333325,0.08333333469922813,0.083333333325,0.0
Nancy Kerrigan,24,7,0.083333333325,0.08418699251583325,0.08333333642849919,0.08566462174138371,0.08675438670606388,0.08789513117160526,0.05461316133687658,0.083333333325,0.08333333469922813,0.083333333325,0.0
Bonner Bolton,24,5,0.083333333325,0.08418699251583325,0.09333333294104207,0.08719836412020857,0.09662280814141966,0.08870042571983451,0.09286880679711525,0.083333333325,0.08333333469963398,0.083333333325,0.0
Simone Biles,24,4,0.083333333325,0.08333333767086906,0.08333333642849919,0.08333333704998729,0.08346491289427861,0.087492483913974,0.08528592507624945,0.083333333325,0.04849004088136058,0.083333333325,0.0
David Ross,24,2,0.083333333325,0.08571138281713098,0.08333333642849919,0.08873210649903343,0.09826754504731229,0.08890174935506938,0.0919209465755278,0.083333333325,0.10035354569123027,0.083333333325,0.0
Rashad Jennings,24,1,0.083333333325,0.08333333767086906,0.08698412644210084,0.08333333704998729,0.09333333433691035,0.08729116027225078,0.08528592506900123,0.083333333325,0.09177878340535948,0.083333333325,0.0
Chris Kattan,24,12,0.083333333325,0.05754062767426847,0.08333333642849919,0.08333333704998729,0.08333333767117224,0.08431962418705131,0.08333333481534054,0.083333333325,0.08333333469046093,0.083333333325,0.0
Erika Jayne,24,9,0.083333333325,0.08418699251583325,0.09015872969157146,0.09026584887785828,0.028135941046351903,0.08431962418705131,0.08333333481534054,0.083333333325,0.08333333469046093,0.083333333325,0.0
Normani,24,3,0.083333333325,0.08333333767086906,0.08333333642849919,0.08719836412020857,0.08333333767117224,0.08688851298070785,0.08333333481534054,0.083333333325,0.09271095235376539,0.083333333325,0.0
Nick Viall,24,6,0.083333333325,0.0887601634233644,0.09015872968793348,0.09026584887785828,0.09004386052512509,0.08914605716103037,0.0900252261607103,0.083333333325,0.08333333469070263,0.083333333325,0.0
Sasha Pieterse,25,10,0.08273897824018217,0.07692308092723595,0.07692307691538464,0.0793736824443178,0.025658681525576738,0.07692307863474943,0.07692307920787105,0.07692307920675166,0.07692307829738408,0.07692307863478441,0.0
Frankie Muniz,25,3,0.08064692791968762,0.07692308092723595,0.07692307691538464,0.0793736824443178,0.07734453373134144,0.0787531402848114,0.07692307920787105,0.08372818741273144,0.08823534227630701,0.08248317616308909,0.0
Jordan Fisher,25,1,0.07692308207347925,0.07692308092723595,0.07692307691538464,0.07692307847402392,0.07692308150063744,0.07692307863474943,0.07994633134574639,0.07692307920675166,0.08062131698538663,0.07893017006725916,0.0
Derek Fisher,25,11,0.08273897824018217,0.08326677031663302,0.07692307691538464,0.05653092909001578,0.07692308150063744,0.07692307863474943,0.07692307920787105,0.07692307920675166,0.07692307829738408,0.07692307863478441,0.0
Nikki Bella,25,8,0.07855487759919308,0.08235269349897566,0.07692307691538464,0.07937368244420412,0.0811759515336149,0.07692307863474943,0.05552771512374731,0.07692307920675166,0.07692307829523336,0.07692307863478441,0.0
Terrell Owens,25,6,0.08901512920166581,0.08235269349897566,0.07692307691538464,0.07937368244420412,0.08500736933588836,0.07692307863474943,0.08576028492763806,0.03372817542804431,0.07692307829523336,0.07692307863478441,0.0
Victoria Arlen,25,5,0.08064692791968762,0.07778230941068888,0.07692307691538464,0.07771037581835266,0.0811759515336149,0.0787531402848114,0.07692307920787105,0.09171540799623987,0.042467071960634116,0.07692307863478441,0.0
Barbara Corcoran,25,13,0.09110717952216035,0.04531427849459246,0.07692307691538464,0.07692307845723755,0.07692308150063744,0.07692307863474943,0.07692307920787105,0.07692307920675166,0.07692307829523336,0.07692307863478441,0.0
Lindsey Stirling,25,2,0.07692308207347925,0.07692308092723595,0.07692307691538464,0.07826481136283245,0.07926024263247818,0.07692307863474943,0.08343470349415379,0.08213074330185054,0.08170903487479231,0.07893017006725916,0.0
Debbie Gibson,25,12,0.08483102856067672,0.08052453986366094,0.07692307691538464,0.07692307847413761,0.07692308150063744,0.07692307863474943,0.07692307920787105,0.07692307920675166,0.07692307829523336,0.07692307863478441,0.0
Nick Lachey,25,9,0.08273897824745813,0.08326677031663302,0.07692307691538464,0.08048255353622218,0.09075449603566056,0.06979888439029061,0.07692307920787105,0.07692307920675166,0.07692307829523336,0.07692307863478441,0.0
Drew Scott,25,4,0.016211748228668856,0.08052453986366094,0.07692307691538464,0.079373682455067,0.08500736933588836,0.08038712722734201,0.07692307920787105,0.09331285210712079,0.09158260743643848,0.06734877588933318,0.0
Vanessa Lachey,25,7,0.07692308207347925,0.07692308092723595,0.07692307691538464,0.079373682455067,0.0869230782333871,0.07692307863474943,0.07994633134574639,0.07692307920675166,0.07692307829550117,0.07692307863478441,0.0
Jamie Anderson,26,10,0.07800165973005632,0.10000000297032328,0.09999999999,0.09999999999,0.0,0.0,0.0,0.0,0.0,0.0,0.0
Johnny Damon,26,9,0.10587674874055893,0.10000000297032328,0.09999999999,0.09999999999,0.0,0.0,0.0,0.0,0.0,0.0,0.0
Kareem Abdul-Jabbar,26,8,0.10708043186501513,0.08056073542331023,0.09999999999,0.09999999999,0.0,0.0,0.0,0.0,0.0,0.0,0.0
Arike Ogunbowale,26,7,0.10361646105206475,0.10000000297032328,0.09999999999,0.09999999999,0.0,0.0,0.0,0.0,0.0,0.0,0.0
Jennie Finch Daigle,26,6,0.10248631720811348,0.10626168158758637,0.09999999999,0.09999999999,0.0,0.0,0.0,0.0,0.0,0.0,0.0
Chris Mazdzer,26,5,0.10248631720811348,0.10345794322495033,0.09999999999,0.09999999999,0.0,0.0,0.0,0.0,0.0,0.0,0.0
Mirai Nagasu,26,4,0.10022602952835431,0.10000000297032328,0.09999999999,0.09999999999,0.0,0.0,0.0,0.0,0.0,0.0,0.0
Tonya Harding,26,3,0.10022602952835431,0.10345794322495033,0.09999999999,0.09999999999,0.0,0.0,0.0,0.0,0.0,0.0,0.0
Josh Norman,26,2,0.10000000251968369,0.10626168158758637,0.09999999999,0.09999999999,0.0,0.0,0.0,0.0,0.0,0.0,0.0
Adam Rippon,26,1,0.10000000251968369,0.10000000297032328,0.09999999999,0.09999999999,0.0,0.0,0.0,0.0,0.0,0.0,0.0
Juan Pablo Di Pace,27,5,0.0773856081141717,0.07692308035355461,0.07692308207180018,0.08206990556168067,0.07692307691538464,0.0769230783746732,0.08009759918139625,0.02751606540201104,0.07692307691538464,0.0,0.0
Evanna Lynch,27,3,0.08046914423917761,0.07692308035355461,0.07769798613348852,0.08206990556168067,0.07692307691538464,0.0769230783746732,0.07867617135679035,0.08294659682395587,0.07692307691538464,0.0,0.0
Nancy McKeon,27,11,0.07931281819341136,0.08322621915399797,0.02566843325832221,0.07653277017134756,0.07692307691538464,0.0769230783746732,0.07692307858024916,0.0766395533561326,0.07692307691538464,0.0,0.0
John Schneider,27,8,0.08046914423917761,0.0813777902605862,0.08876809743425176,0.08457162398618896,0.07692307691538464,0.08756788399042655,0.049489510783475604,0.0766395533561326,0.07692307691538464,0.0,0.0
Milo Manheim,27,2,0.07892737617634411,0.07692308035355461,0.07769798613348852,0.07790037480843263,0.07692307691538464,0.0769230783746732,0.07914998062136797,0.08518843756448229,0.07692307691538464,0.0,0.0
Danelle Umstead,27,12,0.08046914423917761,0.043725275088214194,0.07692308207180018,0.07653277017134756,0.07692307691538464,0.0769230783746732,0.07692307856636206,0.0766395533561326,0.07692307691538464,0.0,0.0
Mary Lou Retton,27,9,0.0789273761763441,0.07860514692046851,0.08323304178387014,0.08040209323591439,0.07692307691538464,0.047033160569170264,0.07692307856636206,0.0766395533561326,0.07692307691538464,0.0,0.0
DeMarcus Ware,27,7,0.07692307916788725,0.07768093247376262,0.07954300468846637,0.08373771780688982,0.07692307691538464,0.0797898409244927,0.08151902699753656,0.0766395533561326,0.07692307691538464,0.0,0.0
Nikki Glaser,27,13,0.05032756553283364,0.07692308035355461,0.07692308207180018,0.07653277017134756,0.07692307691538464,0.07692307836264498,0.07692307858013547,0.0766395533561326,0.07692307691538464,0.0,0.0
Bobby Bones,27,1,0.07892737618281477,0.08507464804740976,0.08507806033884799,0.08540553010837282,0.07692307691538464,0.08423443695176029,0.08151902699753656,0.0929476878798232,0.07692307691538464,0.0,0.0
Tinashe,27,10,0.07692307916802853,0.07692308035355461,0.07769798614076448,0.02343347810433361,0.07692307691538464,0.07692307836264498,0.07692307858036163,0.0766395533561326,0.07692307691538464,0.0,0.0
Alexis Ren,27,4,0.07738560811753584,0.07692308035355461,0.07954300468846637,0.08123599938224564,0.07692307691538464,0.07867869191373389,0.08057140844166638,0.082946596827257,0.07692307691538464,0.0,0.0
Joe Amabile,27,6,0.08355268035309579,0.08877150583423334,0.09430315308463338,0.08957506083470158,0.07692307691538464,0.08423443695176029,0.08436188264676017,0.09197774191141928,0.07692307691538464,0.0,0.0
Kate Flannery,28,7,0.08929120965697838,0.08333333704998729,0.083333333325,0.0833333339459575,0.083333333325,0.08674049427764127,0.09457095813925635,0.04260888883059928,0.083333333325,0.08333333456672554,0.083333333325
James Van Der Beek,28,5,0.022514322257995757,0.08333333704998729,0.083333333325,0.0833333339459575,0.083333333325,0.08674049427764127,0.08714521528559911,0.0833333345661571,0.083333333325,0.07424241801380464,0.083333333325
Kel Mitchell,28,2,0.08878062568568121,0.08333333704998729,0.083333333325,0.0833333339459575,0.083333333325,0.08735864683291628,0.09085808671242773,0.0833333345661571,0.083333333325,0.08333333456672554,0.083333333325
Ray Lewis,28,11,0.08929120965138795,0.09333333363347072,0.083333333325,0.0833333339459575,0.083333333325,0.08392171984759592,0.08333333767177856,0.0833333345661571,0.083333333325,0.08333333456672554,0.083333333325
Lamar Odom,28,10,0.09223234075520734,0.10018264891838656,0.083333333325,0.07510637991625246,0.083333333325,0.08392171985437734,0.08333333767177856,0.0833333345661571,0.083333333325,0.08333333456672554,0.083333333325
Sailor Brinkley-Cook,28,9,0.08775945773498636,0.08648401835219288,0.083333333325,0.0833333339459575,0.083333333325,0.04503859796062118,0.08333333767177856,0.0833333345661571,0.083333333325,0.08333333456672554,0.083333333325
Sean Spicer,28,6,0.09082296151692618,0.09105022854213676,0.083333333325,0.09156028052417237,0.083333333325,0.09044940945726056,0.10199670100746551,0.10887691862405112,0.083333333325,0.08333333456672554,0.083333333325
Mary Wilson,28,12,0.08827004168018181,0.04388125868215861,0.083333333325,0.0833333339459575,0.083333333325,0.08392171985468241,0.08333333767177856,0.0833333345661571,0.083333333325,0.08333333456672554,0.083333333325
Lauren Alaina,28,4,0.08724887378327595,0.08420091326085892,0.083333333325,0.0833333339459575,0.083333333325,0.08735864686455729,0.08714521527832315,0.09851418134993545,0.083333333325,0.08787878539283266,0.083333333325
Ally Brooke,28,3,0.08878062565532391,0.08333333704998729,0.083333333325,0.0833333339459575,0.083333333325,0.0879767993924576,0.08714521527832315,0.0833333345661571,0.083333333325,0.08333333456672554,0.083333333325
Karamo Brown,28,8,0.0882700417110565,0.08420091326085892,0.083333333325,0.0833333339459575,0.083333333325,0.0879767993924576,0.028184794608005687,0.0833333345661571,0.083333333325,0.08333333456672554,0.083333333325
Hannah Brown,28,1,0.08673828982102011,0.08333333704998729,0.083333333325,0.0833333339459575,0.083333333325,0.08859495188907905,0.08962046290348485,0.0833333345661571,0.083333333325,0.08787878539283266,0.083333333325
Anne Heche,29,13,0.0699141023398916,0.06915374502988546,0.0713285851108417,0.02960618130034466,0.06666667013742286,0.06666666963974732,0.06666667063364323,0.06666667013645274,0.06666666765341077,0.06666666914255684,0.06666666666000001
Jesse Metcalfe,29,12,0.0699141023398916,0.06713173087519683,0.06666666715670538,0.07186863771842766,0.043704970697669834,0.06666666963974732,0.06666667063364323,0.06666667013645274,0.06666666765341077,0.06666666914255684,0.06666666666000001
Chrishell Stause,29,8,0.07806893574398295,0.06915374502988546,0.06666666715670538,0.07095294095468146,0.07666666679772222,0.07106965112734896,0.06897435932234407,0.01017927884774167,0.06666666765341077,0.06666666914255684,0.06666666666000001
Skai Jackson,29,5,1.1769789080903548e-17,0.07218676626292249,0.06666666715670538,0.06635614525071022,0.06795586506720801,0.08226368132653403,0.06705128231038143,0.0766671172496204,0.06666666765341077,0.025287339197877484,0.06666666666000001
Justina Machado,29,4,0.06502120233692966,0.06666666967591507,0.06666666715670538,0.06912154742718905,0.06795586506720801,0.06666666963974732,0.06897435932234407,0.07216260445713585,0.0740759796243938,0.07522988401419958,0.06666666666000001
Charles Oakley,29,15,0.07969990239518157,0.03526476723212902,0.06666666715670538,0.06635614525071022,0.06666667013742286,0.06666666963974732,0.06666667063364323,0.06666667013645274,0.06666666765341077,0.06666666914255684,0.06666666666000001
Veron Davis,29,11,0.07154506904045631,0.06915374502988546,0.06666666715670538,0.07095294095468146,0.07318234610660793,0.030920377524670164,0.06666667063364323,0.06666667013645274,0.06666666765341077,0.06666666914255684,0.06666666666000001
Johnny Weir,29,6,0.06991410238925769,0.06915374502988546,0.06666666715670538,0.06912154742718905,0.06666667013742286,0.07480099452828998,0.06705128231038143,0.06990989760269561,0.06666666765341077,0.07666666565881046,0.06666666666000001
Nev Schulman,29,2,0.0666521689881283,0.06666666967591507,0.06666666715670538,0.06912154742317819,0.06666667013742286,0.06733830772640795,0.06666667063364323,0.06990989760269561,0.06666666765341077,0.07235632072497782,0.06666666666000001
AJ McLean,29,7,0.06991410238925769,0.06814273795354525,0.06666666715670538,0.06912154742718905,0.06795586506720801,0.06666666963974732,0.06897435932234407,0.07666666679506041,0.046667178314174995,0.06666666914255684,0.06666666666000001
Nelly,29,3,0.07317603574102101,0.06915374502988546,0.06666666715670538,0.07186863771441679,0.06795586506720801,0.07106965112371098,0.06705128231038143,0.08342343598742523,0.07925683012050208,0.07810344729614538,0.06666666666000001
Kaitlyn Bristowe,29,1,0.06665216903749437,0.06666666967591507,0.06666666715670538,0.06820585065943198,0.06666667013742286,0.06666666963974732,0.07282051334445033,0.07441441040245612,0.06666666765341077,0.07235632072497782,0.06666666666000001
Carole Baskin,29,14,0.08133086914511234,0.07117575918457408,0.062004741751988404,0.06635614525071022,0.06666667013742286,0.06666666963974732,0.06666667063364323,0.06666667013645274,0.06666666765341077,0.06666666914255684,0.06666666666000001
Monica Aldama,29,10,0.06828313568869299,0.07117575918457408,0.06666666715670538,0.06912154742317819,0.06666667013742286,0.06666666963974732,0.04820510152120715,0.06666667013645274,0.06666666765341077,0.06666666914255684,0.06666666666000001
Jeannie Mai,29,9,0.0699141023398916,0.06915374502988546,0.06666666715670538,0.07186863771842766,0.06795586506720801,0.06920397942505947,0.0708974363343067,0.06666667013645274,0.06666666765341077,0.06666666914255684,0.06666666666000001
Martin Kove,30,15,0.06666666666000001,0.06575757252792122,0.06309415725212089,0.06666667113046994,0.06363636598848614,0.0666666701369378,0.06666666963998985,0.06666666815014648,0.06666666914364823,0.06666666666000001,0.0
Brian Austin Green,30,13,0.06666666666000001,0.06666666715670538,0.0757341575326784,0.037218194782340855,0.06363636598848614,0.0666666701369378,0.06666666963998985,0.06666666815014648,0.06666666914364823,0.06666666666000001,0.0
Melora Hardin,30,6,0.06666666666000001,0.06666666715670538,0.06938239682153761,0.06666667113046994,0.0731818171993962,0.07391941394495982,0.06749235401368726,0.06666666815014648,0.03879054366288018,0.06666666666000001,0.0
Matt James,30,12,0.06666666666000001,0.06757575433490888,0.07414621736522228,0.07366906586075908,0.06363636598848614,0.0666666701369378,0.06666666963998985,0.06666666815014648,0.06666666914364823,0.06666666666000001,0.0
"Mike ""The Miz"" Mizanin",30,9,0.06666666666000001,0.06666666715670538,0.07097033700276584,0.06887290253404778,0.0781404949954965,0.07391941394495982,0.040305790201502385,0.06666666815014648,0.06666666914364823,0.06666666666000001,0.0
Suni Lee,30,5,0.06666666666000001,0.06666666715670538,0.07255827718399406,0.06707434128812265,0.0731818171993962,0.07117216109093627,0.07360856215501194,0.06666666815014648,0.07334808150490849,0.06666666666000001,0.0
Iman Shumpert,30,1,0.06666666666000001,0.06666666715670538,0.0757341575326784,0.07007194336708984,0.08309917280548725,0.0666666701369378,0.07360856215501194,0.07179653459936962,0.07334808150490849,0.06666666666000001,0.0
Cody Rigsby,30,3,0.06666666666000001,0.06666666715670538,0.07732209771390662,0.07306954544423805,0.0781404949954965,0.07117216108911728,0.07055045808616858,0.06692640468683951,0.07777286037093276,0.06666666666000001,0.0
Melanie C,30,11,0.06666666666000001,0.06666666715670538,0.07097033700276584,0.06827338211934572,1.3246979778078676e-17,0.0666666701369378,0.06666666963998985,0.06666666815014648,0.06666666914364823,0.06666666666000001,0.0
Jimmie Allen,30,7,0.06666666666000001,0.06666666715670538,0.07414621735145017,0.06887290253404778,0.07566115610439157,0.0684249082369127,0.06749235401368726,0.057770553000320135,0.06666666914364823,0.06666666666000001,0.0
Olivia Jade,30,8,0.06666666666000001,0.06666666715670538,0.0677944566540815,0.06666667113046994,0.0731818171993962,0.07117216108911728,0.06666666963998985,0.07017315796185958,0.06666666914364823,0.06666666666000001,0.0
JoJo Siwa,30,2,0.06666666666000001,0.06666666715670538,0.0677944566540815,0.06666667113046994,0.06822313940329591,0.0666666701369378,0.06666666963998985,0.06666666815014648,0.06781710792465187,0.06666666666000001,0.0
Christine Chiu,30,14,0.06666666666000001,0.06666666715670538,0.0,0.06666667113046994,0.06363636598848614,0.0666666701369378,0.06666666963998985,0.06666666815014648,0.06666666914364823,0.06666666666000001,0.0
Kenya Moore,30,10,0.06666666666000001,0.06666666715670538,0.07255827718399406,0.072470025029536,0.0731818171993962,0.035128181308519586,0.06666666963998985,0.06666666815014648,0.06666666914364823,0.06666666666000001,0.0
Amanda Kloots,30,4,0.06666666666000001,0.06666666715670538,0.0677944566540815,0.06707434128812265,0.06946280884884837,0.0684249082369127,0.07360856215501194,0.06666666815014648,0.0689233026388842,0.06666666666000001,0.0
Jason Lewis,31,16,0.011295783043286418,0.06250000283237975,0.06250000465036322,0.06250000325292444,0.061532258606669395,0.06250000371904052,0.06250000371858579,0.06250000185684995,0.06250000139073389,0.06249999999375,0.0
Cheryl Ladd,31,14,0.06857329870731518,0.06938681977315755,0.01212775593076935,0.06250000325292444,0.061532258606669395,0.06250000371904052,0.06250000371858579,0.06250000185684995,0.06250000139073389,0.06249999999375,0.0
Selma Blair,31,12,0.06250000371835841,0.06467903334426967,0.06753722207283284,0.06396341422016459,0.06588958940672951,0.06250000371904052,0.06250000371858579,0.06250000185684995,0.06250000139073389,0.06249999999375,0.0
Joseph Baena,31,11,0.0659554975376319,0.06736919701705586,0.06629652720802813,0.06884146318980977,0.0,0.06250000371904052,0.06250000371858579,0.06250000185684995,0.06250000139073389,0.06249999999375,0.0
Trevor Donovan,31,6,0.06857329870731518,0.06333395150686852,0.06877791693763756,0.06884146318980977,0.07027985083906246,0.06960144959580764,0.06558755774469663,0.06613057143640712,0.055227262878381214,0.06249999999375,0.0
Daniel Durant,31,5,0.06250000371835841,0.06400649242556909,0.0638151374784187,0.06762195094785323,0.07302376423158431,0.06960144959580764,0.06942780369517378,0.06613057143640712,0.06795454316757728,0.06249999999375,0.0
Wayne Brady,31,3,0.06250000371835841,0.06250000283237975,0.06250000465036322,0.06250000325292444,0.06479202405401875,0.06960144959580764,0.06712365612634268,0.06250000185684995,0.06340908858261739,0.06249999999375,0.0
Sam Champion,31,13,0.0698821992957948,0.06602411518167078,0.07125930665997103,0.0339633906988282,0.061532258606669395,0.06250000371904052,0.06250000371858579,0.06250000185684995,0.06250000139073389,0.06249999999375,0.0
Jessie James Decker,31,10,0.0698821992957948,0.06669665610037136,0.07001861180244227,0.06518292646212114,0.07027985083906246,0.007137652528355682,0.06250000371858579,0.06250000185684995,0.06250000139073389,0.06249999999375,0.0
Jordin Sparks,31,9,0.06250000371835841,0.06535157426297022,0.06629652720802813,0.06250000325292444,0.0708286335189995,0.06960144959580764,0.005541445912311311,0.06250000185684995,0.06250000139073389,0.06249999999375,0.0
Heidi D'Amelio,31,8,0.06464659694915227,0.06467903334426967,0.06257444261361399,0.06250000325292444,0.06698715476660358,0.06670289873960679,0.07173195127128083,0.03364648330059814,0.06250000139073389,0.06249999999375,0.0
Charli D'Amelio,31,1,0.06250000371835841,0.06250000283237975,0.06250000465036322,0.06250000325292444,0.0636944586941447,0.06250000371904052,0.06558755774469663,0.06250000185684995,0.06250000139073389,0.06249999999375,0.0
Teresa Giudice,31,15,0.06988219928851884,0.02844250800703835,0.06250000465036322,0.06250000325292444,0.061532258606669395,0.06250000371904052,0.06250000371858579,0.06250000185684995,0.06250000139073389,0.06249999999375,0.0
Vinny Guadagnino,31,7,0.07380890104668175,0.06535157426297022,0.07374069638958046,0.06762195094785323,0.07576767762410618,0.07829710216441015,0.07710829560340404,0.08205413857505814,0.06250000139073389,0.06249999999375,0.0
Shangela,31,4,0.06250000371835841,0.06467903334426967,0.0650558323468614,0.06396341422016459,0.0675359374465406,0.06670289873960679,0.06942780369517378,0.06250000185684995,0.06340908858261739,0.06249999999375,0.0
Gabby Windey,31,2,0.06250000371835841,0.06250000283237975,0.06250000465036322,0.06250000325292444,0.06479202405401875,0.06525362331150637,0.07096390207681984,0.06453821472617999,0.06250000139073389,0.06249999999375,0.0
Jamie Lynn Spears,32,13,0.07493506450309725,0.043556649936765425,0.07142857461265074,0.07169245905712897,0.0714285746098573,0.07142857461713326,0.07177486441600557,0.07142857408287004,0.07142857195359667,0.07142857142142858,0.07142857142142858
Mira Sorvino,32,10,0.07142857461375514,0.07368568218938078,0.07214064521335928,0.07455945209459461,0.01767855063588494,0.07142857461713326,0.07177486441600557,0.07142857408287004,0.07142857195359667,0.07142857142142858,0.07142857142142858
Barry Williams,32,7,0.07277056226977656,0.07613655841908129,0.07368863287339433,0.07635132337466165,0.077261904400386,0.08298136628018421,0.07649069709894468,0.023404838919535605,0.07142857195359667,0.07142857142142858,0.07142857142142858
Alyson Hannigan,32,5,0.07926406896610066,0.07286872344538889,0.07523662054252434,0.07635132337466163,0.08351190460526134,0.08453416133039324,0.07526771117507723,0.07945228595171418,0.07690368131693395,0.07142857142142858,0.07142857142142858
Xochitl Gomez,32,1,0.07142857461375514,0.07143087749210655,0.07142857461265074,0.0716924590614258,0.0714285746098573,0.07142857461713326,0.07428932242766628,0.07154714744371249,0.07142857195359667,0.07142857142142858,0.07142857142142858
Adrian Peterson,32,11,0.07142857461375514,0.07613655842239568,0.07833259585895648,0.04398696614467324,0.0714285746098573,0.07142857461713326,0.07177486441600557,0.07142857408287004,0.07142857195359667,0.07142857142142858,0.07142857142142858
Matt Walsh,32,14,0.035238074973713715,0.07143087749210655,0.07142857461265074,0.07169245907540853,0.0714285746098573,0.07142857461713326,0.07177486441600557,0.07142857408287004,0.07142857195359667,0.07142857142142858,0.07142857142142858
Tyson Beckford,32,12,0.0814285711921454,0.07368568218915342,0.04858025437266979,0.07169245907540853,0.0714285746098573,0.07142857461713326,0.07177486441600557,0.07142857408287004,0.07142857195359667,0.07142857142142858,0.07142857142142858
Jason Mraz,32,2,0.07142857461375514,0.07143087750785186,0.07142857461265074,0.07276758080500868,0.0714285746098573,0.07211180073227016,0.07477851680608469,0.08538113985090533,0.07142857195359667,0.07142857142142858,0.07142857142142858
Lele Pons,32,8,0.07142857461375514,0.07143087750785186,0.07142857461265074,0.07396216164588618,0.077261904400386,0.07521739087634396,0.042721432383271585,0.07142857408287004,0.07142857195359667,0.07142857142142858,0.07142857142142858
Harry Jowsey,32,6,0.0814285711921454,0.07613655842239568,0.07523662054252434,0.07455945209083799,0.08976190477375688,0.087639751481743,0.07673529428042535,0.09526256301137329,0.06595345513990611,0.07142857142142858,0.07142857142142858
Mauricio Umansky,32,9,0.07493506450673523,0.07858743466986483,0.07678460820801637,0.07575403293877593,0.07726190440766195,0.02385091107482572,0.07177486441560377,0.07142857408287004,0.07142857195359667,0.07142857142142858,0.07142857142142858
Charity Lawson,32,4,0.07142857461375514,0.07143087750763354,0.07142857461265074,0.07276758080580102,0.0714285746098573,0.07366459580430706,0.07477851680608469,0.07352343205979897,0.07142857195359667,0.07142857142142858,0.07142857142142858
Ariana Madix,32,3,0.07142857461375514,0.07205176469803025,0.07142857461265074,0.0721702903561859,0.07726190440766195,0.07142857461713326,0.07428932242744023,0.07142857408287004,0.07142857195359667,0.07142857142142858,0.07142857142142858
Tori Spelling,33,12,0.07692307691538464,0.046673355716554246,0.07692307920801096,0.07692307844523073,0.07692308092807547,0.0769166130673809,0.07692307863478441,0.07692307691538464,0.07692307691538464,0.0,0.0
Eric Roberts,33,10,0.07692307691538464,0.0817096645896491,0.05421866142185232,0.07692307844523073,0.07692308092807547,0.0769166130673809,0.07692307863478441,0.07692307691538464,0.07692307691538464,0.0,0.0
Reginald VelJohnson,33,10,0.07692307691538464,0.08170966459032578,0.09006772978379503,0.07692307844523073,0.07692308092807547,0.0769166130673809,0.07692307863478441,0.07692307691538464,0.07692307691538464,0.0,0.0
Chandler Kinney,33,3,0.07692307691538464,0.07756213951825659,0.07692307920801096,0.08026201121265868,0.079497334725621,0.08047407482452214,0.07692307863478441,0.07692307691538464,0.07692307691538464,0.0,0.0
Dwight Howard,33,6,0.07692307691538464,0.0784838117772664,0.0822060944374722,0.08196554896633967,0.08692307758639212,0.08161428746397033,0.06723556737422891,0.07692307691538464,0.07692307691538464,0.0,0.0
Danny Amendola,33,5,0.07692307691538464,0.07894464789233802,0.07692307920801096,0.07799062753288122,0.08321020615600656,0.08503492545012704,0.08223557495584581,0.07692307691538464,0.07692307691538464,0.0,0.0
Stephen Nedoroscik,33,4,0.07692307691538464,0.0784838117772664,0.07692307920801096,0.07969416529028757,0.08692307758639212,0.08503492544989172,0.07754807491484017,0.07692307691538464,0.07692307691538464,0.0,0.0
Ilona Maher,33,2,0.07692307691538464,0.07894464789233802,0.07906144029639649,0.08026201121265868,0.0819725823470907,0.08959577611380051,0.08067307494202568,0.07692307691538464,0.07692307691538464,0.0,0.0
Anna Delvey,33,12,0.07692307691538464,0.08078799236633497,0.07692307920801096,0.07692307844523073,0.07692308092807547,0.0769166130673809,0.07692307863478441,0.07692307691538464,0.07692307691538464,0.0,0.0
Brooks Nader,33,9,0.07692307691538464,0.07940548399986042,0.07692307920801096,0.05361867191436245,0.07692308092807547,0.0769166130673809,0.07692307863478441,0.07692307691538464,0.07692307691538464,0.0,0.0
Phaedra Parks,33,8,0.07692307691538464,0.07894464790658388,0.07906144029639649,0.08026201122853219,0.03167552835502312,0.0769166130673809,0.07692307863478441,0.07692307691538464,0.07692307691538464,0.0,0.0
Jenn Tran,33,7,0.07692307691538464,0.07986632011527121,0.07692307920801096,0.08026201122853219,0.08321020615600656,0.03627225737033621,0.07692307863478441,0.07692307691538464,0.07692307691538464,0.0,0.0
Joey Graziadei,33,1,0.07692307691538464,0.07848381175877689,0.07692307920801096,0.07799062753282437,0.0819725823470907,0.08047407482357175,0.07692307863478441,0.07692307691538464,0.07692307691538464,0.0,0.0
Corey Feldman,34,13,0.08318316585208178,0.05020553340004952,0.07142857621290685,0.06877045344975499,0.07142857142142858,0.07142857302032031,0.07142857407715322,0.07142857513944313,0.07142857142142858,0.0714285740854686,0.07142857142142858
Danielle Fishel,34,8,0.0755536824620369,0.07423432581298901,0.0755919968337887,0.08228051617784873,0.07142857142142858,0.07142857302032031,0.07992254646189709,0.010549608099630141,0.07142857142142858,0.0714285740854686,0.07142857142142858
Elaine Hendrix,34,5,0.0755536824620369,0.0714285740798817,0.0755919968337887,0.07645721173304257,0.07142857142142858,0.07142857302032031,0.08444061886410247,0.08059938438503345,0.07142857142142858,0.08288205899924403,0.07142857142142858
Baron Davis,34,13,0.08064000472206682,0.07603288701243176,0.07142857621290685,0.06877045344975499,0.07142857142142858,0.07142857302032031,0.07142857407715322,0.07142857513944313,0.07142857142142858,0.0714285740854686,0.07142857142142858
Jordan Chiles,34,3,0.08064000472206682,0.0714285740798817,0.07142857621290685,0.07645721173304257,0.07142857142142858,0.07142857302032031,0.0754044740596917,0.07811182209548623,0.07142857142142858,0.08288205899924403,0.07142857142142858
Andy Richter,34,7,0.08318316585208178,0.0796300094013128,0.0814285730183797,0.08810382062265491,0.07142857142142858,0.08289915760293487,0.08895869126630784,0.08640369638427568,0.07142857142142858,0.0714285740854686,0.07142857142142858
Robert Irwin,34,1,0.06792419907199201,0.0714285740798817,0.07364647143528706,0.08033941469624668,0.07142857142142858,0.07142857302032031,0.07142857407715322,0.07977019695760969,0.07142857142142858,0.07997508218390047,0.07142857142142858
Hilaria Baldwin,34,11,0.07046736020200697,0.0714285740798817,0.07364647143528706,0.0,0.07142857142142858,0.07142857302032031,0.07142857407715322,0.07142857513944313,0.07142857142142858,0.0714285740854686,0.07142857142142858
Lauren Jauregui,34,12,0.07301052133202193,0.0714285740798817,0.037848774361286606,0.06877045344975499,0.07142857142142858,0.07142857302032031,0.07142857407715322,0.07142857513944313,0.07142857142142858,0.0714285740854686,0.07142857142142858
Scott Hoying,34,10,0.08064000472206682,0.07603288701243176,0.07364647143710605,0.08228051617784873,0.07142857142142858,0.051722679330573076,0.07142857407715322,0.07142857513944313,0.07142857142142858,0.0714285740854686,0.07142857142142858
Alix Earle,34,2,0.07301052133202193,0.0714285740798817,0.07170094604224238,0.07645721173304257,0.07142857142142858,0.07142857302032031,0.07142857407715322,0.07894100952290999,0.07142857142142858,0.08142857059157226,0.07142857142142858
Jen Affleck,34,9,0.0755536824620369,0.0714285740798817,0.07948304760896412,0.07839831321464462,0.07142857142142858,0.07554621638164458,0.024440602563807673,0.07142857513944313,0.07142857142142858,0.0714285740854686,0.07142857142142858
Whitney Leavitt,34,6,0.0,0.0714285740798817,0.07142857621290685,0.0745161102514405,0.07142857142142858,0.07142857302032031,0.07142857407715322,0.07728263466806247,0.07142857142142858,0.01561460065680686,0.07142857142142858
Dylan Efron,34,4,0.08064000472206682,0.07243576462173172,0.07170094604224238,0.07839831321464462,0.07142857142142858,0.07554621638164458,0.07540447406696765,0.07977019695033373,0.07142857142142858,0.08578903578548376,0.07142857142142858
